Name,Number,Position,Height,Weight,Class,High School/JUCO,Hometown
"Allen, Chris",4,LB,6040,239,FR,Southern Lab School,"Baton Rouge, La."
"Amos, Giles",40,TE,6040,236,SO,Westfield,"Perry, Ga."
"Anderson, Keaton",31,IB,6010,215,RS SO,Florence,"Florence, AL"
"Averett, Anthony",28,CB,6000,180,RS SR,Woodbury HS,"Woodbury, NJ"
"Baker, Elliot",78,OL,6070,300,JR/TR,Archbishop Riordan,"San Francisco, Calif."
"Bearden, Parker",41,WR,6010,201,SO,Bessemer Academy,"Bessemer, Ala."
"Benton, Markail",36,LB,6020,237,FR,Central,"Phenix City, Ala."
"Bernier, Mike",97,P,6020,205,JR/TR,Bob Jones,"Madison, Ala."
"Bozeman, Bradley",75,OC,6050,319,RS SR,Handley HS,"Roanoke, AL"
"Brannon, Hunter",62,OL,6040,290,FR,Cullman,"Cullman, Ala."
"Brown, Deonte",65,OG,6040,350,RS FR,Austin,"Decatur, Ala."
"Brown, Mekhi",48,OB,6050,246,RS SO,Carver,"Columbus, GA"
"Brown, Tony",2,CB,6000,198,SR,Ozen,"Beaumont,Tx"
"Bryant, Hunter",45,TE,6050,226,SR,Fellowship Christian School,"Roswell, GA"
"Buggs, Isaiah",49,DL,6050,292,JR/TR,Ruston,"Ruston, La."
"Bulovas, Joseph",97,PK,6000,212,FR,Mandeville,"Mandeville, Ala."
"Burns, Ryan",30,DB,6000,214,SO,Hillgrove,"Dallas, Ga."
"Carter, Shyheim",5,CB,6000,190,SO,Kentwood,"Kentwood, La."
"Casher, Josh",67,OC,6010,287,RS JR,St. Paul's HS,"Mobile, AL"
"Clark, Ronnie",5,RB,6020,215,RS JR,Calera HS,"Calera, AL"
"Cotton, Lester",66,OG,6040,319,JR,Central,"Tuscaloosa, AL"
"Cowan, VanDarius",43,LB,6040,226,FR,Palm Beach Gardens,"Palm Beach Gardens, Fla."
"Davis, Ben",1,ILB,6040,234,RS FR,Gordo,"Gordo, Ala."
"Davis, Raekwon",99,DT,6070,315,SO,Meridian,"Meridian, Miss."
"Diggs, Trevon",7,WR,6020,195,SO,The Avalon School,"Gaithersburg, Md."
"Dwight, Johnny",36,DL,6030,306,RS JR,Wilcox County,"Rochelle,Ga"
"Evans, Rashaan",32,OB,6030,230,SR,Auburn,"Auburn, Ala"
"Fitzpatrick, Minkah",29,CB,6010,203,JR,St. Peter's Prep,"Old Bridge, NJ"
"Fletcher, Thomas",45,LS,6020,220,FR,IMG Academy,"Georgetown, Texas"
"Forristall, Miller",87,TE,6050,225,SO,Cartersville,"Cartersville, Ga."
"Foster, Robert",1,WR,6020,196,RS SR,Central Valley,"Monaca, PA"
"Frazier, Josh",69,DT,6040,315,SR,Har-Ber,"Springdale,Ark"
"Goodman, Sean",48,TE,6010,234,SO,Bob Jones,"Madison, Ala."
"Grant, Bo",45,FS,6020,195,SR,Valley,"Valley, AL"
"Hamilton, Shaun Dion",20,IB,6000,232,SR,Carver,"Montgomery,Ala"
"Hand, Da'Shawn",9,DE,6040,280,SR,Woodbridge,"Woodbridge,Va"
"Harris, Damien",34,RB,5110,214,JR,Madison Southern,"Berea, KY"
"Harris, Najee",22,RB,6020,227,FR,Antioch,"Antioch, Calif."
"Harrison, Ronnie",15,SS,6030,216,JR,FSU University School,"Tallahassee, FL"
"Harvey, Joseph",46,TE,5090,211,SR,Sandy Creek,"Tyrone, Ga."
"Hassenauer, J.C.",63,OG,6020,299,SR,East Ridge HS,"Woodbury, MN"
"Hentges, Hale",84,TE,6050,256,JR,Helias,"Jefferson City, MO"
"Hereford, Mac",36,WR,6020,215,SO,Woodberry Forest,"Birmingham, Ala."
"Herring, Chris",41,WR,6040,170,SO,Robinson,"Tampa, Fla."
"Holcombe, Keith",42,OB,6040,227,RS JR,Hillcrest,"Tuscaloosa,Ala"
"Hurts, Jalen",2,QB,6020,209,SO,Channelview,"Channelview, Texas"
"Hutchinson, Swade",32,WR,6030,189,SR,Arlington Christian,"Atlanta, Ga."
"Jacobs, Joshua",25,RB,5100,204,SO,McLain,"Tulsa, Okla."
"James, Kedrick",44,TE,6050,245,FR,La Vega,"Waco, Texas"
"Jennings, Anfernee",33,OLB,6030,264,RS SO,Dadeville,"Dadeville, AL"
"Jennings, Shawn",19,LB,6010,228,RS FR,Dadeville,"Dadeville, Ala."
"Jeudy, Jerry",4,WR,6010,184,FR,Deerfield Beach,"Deerfield Beach, Fla."
"Johnson, Austin",38,WR,6020,200,JR,Elba,"Elba, Ala."
"Jones, Laurence",6,SS,6020,214,SR,Neville,"Monroe,La"
"Jones, Mac",10,QB,6020,185,FR,The Bolles School,"Jacksonville, Fla."
"Keith, Vohn",50,DL,6020,221,SR,Faith Academy,"Mobile, Ala."
"Kennedy, Brandon",56,OC,6030,302,RS SO,Wetumpka,"Wetumpka, AL"
"Kief, Derek",81,WR,6040,200,RS JR,LaSalle,"Cincinnati, Oh"
"King, Jamar",90,DE,6040,290,SR/TR,N/A,"Detroit, Mich."
"Knight, Preston",98,P,6050,212,SO,Prattville,"Prattville, Ala."
"Knight, Preston",98,P,6050,212,SO,Prattville,"Prattville, Ala."
"Knott, Nigel",13,CB,5110,175,RS FR,Germantown HS,"Madison, Miss."
"Lashley, Scott",76,OT,6070,313,RS FR,West Point HS,"West Point, Miss."
"Leatherwood, Alex",70,OL,6060,327,FR,Booker T. Washington,"Pensacola, Fla."
"Lee Jr., Donnie",85,WR,6000,180,SR,Tuscaloosa County,"Northport, Ala."
"Lewis, Rogria",21,DB,5110,196,SR,Gardenhale,"Birmingham, Ala."
"Lewis, Terrell",24,LB,6050,254,SO,St. John's,"Washington, D.C."
"Marks, Xavian",19,RB,5080,166,JR,George Ranch,"Rosenberg, Texas"
"Mathis, Phidarian",93,DL,6040,287,FR,Neville HS,"Monroe, La."
"Mayden, Jared",21,CB,6000,200,SO,Sachse HS,"Sachse, Texas"
"McDonald, Kyriq",26,DB,5110,194,FR,James Clemens,"Madison, Ala."
"McKinney, Xavier",25,DB,6010,192,FR,Roswell,"Roswell, Ga."
"McMillon, Joshua",40,ILB,6030,237,RS SO,Whitehaven,"Memphis, TN"
"Meyer, Scott",52,LS,6020,222,RS FR,Blessed Trinity Catholic,"Alpharetta, Ga."
"Miller, Christian",47,ILB,6040,230,RS JR,Spring Valley,"Columbia,SC"
"Moses, Dylan",7,LB,6030,234,FR,IMG Academy,"Baton Rouge, La."
"Mosley, Donavan",37,DB,5100,180,JR,James Madison,"San Antonio, Texas"
"Mosley, Jamey",16,OLB,6050,228,RS JR,Theodore,"Mobile, AL"
"Murphy, Montana",19,QB,6030,201,SO,Carroll Senior,"Southlake, Texas"
"Owens, Christopher",79,OL,6030,307,RS FR,Lamar,"Arlington, Texas"
"Pappanastos, Andy",92,PK,5110,198,RS SR/TR,Trinity Presbyterian,"Montgomery, Ala."
"Parker, Jacob",42,TE,6010,224,SR,Westminster Christian,"Meridianville, Ala."
"Parris, Ryan",53,SN,6000,209,JR,James Clemens,"Madison, Ala."
"Payne, Da'Ron",94,DT,6020,319,JR,Shades Valley,"Birmingham, AL"
"Petitbon, Richie",72,OG,6040,300,RS SO,Gonzaga,"Annapolis, MD"
"Pierschbacher, Ross",71,OG,6040,304,RS JR,Cedar Falls,"Cedar Falls,Ia"
"Powell, Daniel",58,DL,5110,238,SO,Pickens Academy,"Aliceville, Ala."
"Randolph, Kendall",60,OL,6040,310,FR,Bob Jones,"Madison, Ala."
"Ray, LaBryan",89,DL,6050,275,FR,James Clemens,"Madison, Ala."
"Rice, Jonathan",37,WR,6040,207,JR,Bob Jones,"Madison, Ala."
"Ridley, Calvin",3,WR,6010,188,JR,Monarch,"Coconut Creek, FL"
"Robinson Jr., Brian",24,RB,6010,218,FR,Hillcrest,"Tuscaloosa, Ala."
"Ruggs III, Henry",11,WR,6000,175,FR,Robert E. Lee,"Montgomery, Ala."
"Satterfield, Brannon",98,P,6020,210,JR,Lake Travis,"Austin, Texas"
"Scarbrough, Bo",9,RB,6020,228,JR,IMG Academy (Fla),"Northport,Ala"
"Scott, JK",15,P,6060,202,SR,Mullen,"Denver,Co"
"Shavers, Tyrell",14,WR,6060,209,FR,Lewisville,"Lewisville, Texas"
"Sims, Cam",17,WR,6050,203,SR,Ouachita Parish,"Monroe,La."
"Skehan, Daniel",30,WR,6000,201,SR,Catholic HS,"Lancaster, Pa."
"Smith, Devonta",6,WR,6010,160,FR,Amite,"Amite, La."
"Smith Jr., Irvin",82,TE,6040,235,RS FR,Brother Martin HS,"New Orleans, La."
"Stewart, Cam",83,TE,6080,254,SO,Valley Christian,"San Jose, Calif."
"Tagovailoa, Tua",13,QB,6010,219,FR,St. Louis,"Ewa Beach, Hawaii"
"Tennison , Major",88,TE,6050,244,FR,Bullard,"Flint, Texas"
"Thompson, Deionte",14,SS,6020,190,RS SO,West Orange-Stark,"Orange, TX"
"Townsend, Chadarius",12,RB,6000,192,FR,Tanner,"Tanner, Ala."
"Wallace, Levi",39,CB,6000,170,SR,Tucson,"Tucson, Ariz."
"Warmack, Dallas",59,OG,6020,299,JR,Mays,"Atlanta, GA"
"Williams, Jonah",73,OL,6050,296,SO,Folsom,"Folsom, Calif."
"Williams, Quinnen",92,DE,6040,284,RS FR,Wenonah HS,"Birmingham, Ala."
"Wills, Jedrick",74,OL,6050,318,FR,Lafayette HS,"Lexington, Ky."
"Wilson, Mack",30,OLB,6020,244,SO,Carver HS,"Montgomery, Ala."
"Wilson, Taylor",95,DL,6000,274,SO,Mater Dei,"Huntington Beach, Calif."
"Womack, Matt",77,OT,6070,316,RS SO,Magnolia Heights,"Hernando, MS"
"Wright, Daniel",3,DB,6010,185,FR,Boyd Anderson,"Fort Lauderdale, Fla."
