Name,Number,Position,Height,Weight,Class,High School/JUCO,Hometown
"Ackerman, Brendan",0,LB,5110,221,FR,Forest,"Ocala, Fla."
"Allen, Jake",12,QB,6030,200,FR,St. Thomas Aquinas,"Fort Lauderdale, Fla."
"Ancrum, Luke",98,DL,6050,262,RS SO,Sebring,"Sebring, Fla."
"Benalcazar, Ricardo",78,OL,6070,352,SR/TR,Archbishop McCarthy,"Miramar, Fla."
"Bruch, Dallas",79,OL,6030,275,RS FR,Clearwater Central Catholic,"Clearwater, Fla."
"Brunson, Lacedrick",34,LB,6020,220,FR,Miami Jackson,"Miami, Fla."
"Bryan, Taven",93,DT,6050,292,RS JR,Natrona County,"Casper,Wyo."
"Buchanan, Nick",66,OL,6020,301,RS SO,Dunwoody,"Dunwoody, Ga."
"Burnett, McArthur",21,DB,5090,174,RS FR,Pahokee,"Pahokee, Fla."
"Callaway, Antonio",81,WR,5110,197,JR,Booker T. Washington,"Miami, Fla."
"Campbell, Kyree",55,DT,6030,323,FR,Woodbridge,"Woodbridge, Va."
"Carter, Zachary",94,DE,6050,263,FR,Hillsborough,"Tampa, Fla."
"Clark, Khairi",54,NT,6020,319,RS JR,Chaminade-Madona,"Hollywood,Fla"
"Clayton, Antonneous",90,DE,6030,220,SO,Dooly County,"Vienna, Ga."
"Cleveland, Tyrie",89,WR,6020,196,SO,Westfield,"Houston, Texas"
"Concliffe, Elijah",57,DE,6040,312,FR,Hampton,"Hampton, Va."
"Davis, Keivonnis",95,DL,6040,241,JR,Miami Central,"Miami, Fla."
"Davis, Malik",31,RB,5110,195,FR,Jesuit HS,"Tampa, Fla."
"Davis, Shawn",20,DB,5110,185,FR,Southridge,"Miami, Fla."
"Dawson, Duke",7,FS,5100,208,SR,Dixie County,"Cross City,Fla"
"Del Rio, Luke",14,QB,6010,211,RS JR/TR,Valor Christian,"Highland Ranch, CO"
"Desir-Jones, Richerd",68,OL,6040,292,RS SO,St. Thomas Aquinas,"Fort Lauderdale, Fla"
"DioGuardi, Brett",48,LS,6030,242,RS FR,Windermere Prep,"Windermere, Fla."
"Edwards, Brian",6,DB,6020,183,FR,Miramar,"Hollywood, Fla."
"Fallace, Brian",16,QB,6040,210,RS JR,Palm Bay,Satellite Beach
"Farr, Ryan",41,LS,6000,223,JR,Coronado,"Henderson, Nev."
"Ferguson, Ryan",39,TE,6030,229,RS JR,Indian Rocks,Largo
"Finn, Jacob",86,P,6020,198,RS FR,Pixon School,"Jacksonville, Fla."
"Forsythe, Stone",72,OL,6070,329,RS FR,West Orange,"Winter Garden, Fla."
"Franks, Feleipe",13,QB,6060,219,RS FR,Wakulla,"Crawfordville, Fla."
"Gamble, Kemore",88,TE,6030,241,FR,Miami Southridge,"Miami, Fla."
"Garcia, Christian",43,LB,6010,233,RS SR,Belen Jesuit Prep,"Miami, Fla."
"Gardner, Chauncey",23,DB,5110,205,SO,Cocoa,"Cocoa, Fla."
"Giles, Eddie",36,DB,5090,167,RS JR,Dwyer,Jupiter
"Gilga, Anthony",38,DB,5110,177,RS JR,South Lake,"Clermont, Fla."
"Givens, Marcus",69,OL,6000,275,RS SO,Neese,St. Augustine
"Goolsby, DeAndre",30,TE,6040,244,SR,Derby,"Derby, KS"
"Gornto, Harry",46,TE,6020,203,RS SO,Choctawhatchee,"Fort Walton Beach, Fla."
"Gould, Jon",97,P,6000,181,RS SO,Howard,"Eldridge, Md."
"Green, Daquon",18,WR,6010,185,FR,Tampa Bay Tech,"Tampa, Fla."
"Hammond, Josh",10,WR,6010,184,SO,Hallandale,"Hallandale, Fla."
"Harkless, Kavaris",53,OT,6050,310,RS JR,Trinity Christian Academy,"Jacksonville,Fla"
"Harris, Marcell",26,SS,6010,211,RS SR,Dr. Phillips,Orlando
"Heggie, Brett",61,C,6030,317,RS FR,Mt. Dora,"Mount Dora, Fla."
"Henderson, C.J.",5,CB,6010,182,FR,Columbus,"Miami, Fla."
"Hopkins, Tyriek",33,RB,5080,177,RS SO,Lakewood,"St. Petersburg, Fla."
"Houston IV, James",41,LB,6010,233,FR,American Heritage,"Fort Lauderdale, Fla."
"Ivey, Martez",73,OT,6050,305,JR,Apopka,"Apopka, Fla."
"Jackson, Kalif",87,WR,6040,217,RS SO,Fletcher,Neptune Beach
"Jackson, Rayshad",44,LB,6020,226,RS SO,Norland,"Miami, Fla."
"Jarriel, Glenn",43,WR,5080,174,RS SO,Glades Day,"Okeechobee, Fla."
"Jefferson, CeCe",96,DE,6010,261,JR,Baker County,"Glen St. Mary, Fla."
"Johnson, Fredrick",74,OL,6060,311,JR,Royal Palm Beach,"West Palm Beach, Fla."
"Johnson, Kylan",28,LB,6010,231,RS SO,Skyline,"Dallas, Texas"
"Jordan, Tyler",64,OG,6040,309,JR,Bishop Kenny,"Jacksonville, Fla."
"Joseph, Vosean",11,OB,6010,226,SO,Norland,"Miami, Fla."
"Justino, Daniel",79,K,5080,160,RS FR,Middleburg,"Green Cove Springs, Fla."
"Lawrence, Jahim",58,LB,5110,223,RS SO,Miami Norland,"Hollywood, Fla."
"Lemons, Adarius",32,RB,6000,200,FR,Clearwater,"Clearwater, Fla."
"Lenton, Quincy",27,S,5110,202,RS FR,Meridian,"Meridian, Miss."
"Lewis, C'yontai",80,TE,6040,230,RS JR,Kingwood Christian,"Alabaster,Ala"
"Massey, Dre",9,WR,5090,180,RS JR/TR,Mauldin,"Greenville, S.C."
"McCoy, TJ",59,OL,6010,308,RS SO/TR,South Lake,"Clermont, Fla."
"McWilliams, Christopher",12,CB,5110,171,RS FR,Southwest Miami,"Miami, Fla."
"Merisier, Edwitch",48,DB,5090,171,RS FR,Fort Myers,"Lehigh Acres, Fla."
"Mesenger, Jacob",39,WR,5090,171,RS JR,Piper,"Sunrise, Fla."
"Mike, Andrew",77,OG,6060,302,RS JR,Sabino,"Tucson,Az"
"Miller, Ventrell",51,LB,5110,222,FR,Kathleen,"Lakeland, Fla."
"Moon, Jeremiah",50,OB,6040,218,RS FR,Hoover,"Birmingham, Ala."
"Moore, T.J.",75,OL,6060,290,FR,Mallard Creek,"Charlotte, N.C."
"Nordman, Charles",45,WR,6010,180,RS SO,Deland,"Deland, Fla."
"Nordman, Tucker",44,WR,6010,192,RS SO,Deland,"Deland, Fla."
"Oelrich, Nick",38,DB,6020,187,RS FR,Newberry,"Newberry, Fla."
"Perine, Lamical",22,RB,5110,221,SO,Theodore,"Theodore, Ala."
"Perry, Austin",0,DB,5090,169,FR,Jones,"Orlando, Fla."
"Pineiro, Eddy",15,K,6000,173,RS JR,Sunset,"Miami, Fla."
"Polite, Jachai",99,DE,6020,271,SO,Mainland,"Daytona Beach, Fla."
"Powell, Brandon",4,RB,5090,184,SR,Deerfield Beach,"Deerfield Beach, Fla"
"Powell, Jorge",98,PK,5100,177,RS JR,Belen Jesuit Prep,"Coral Gables,Fla"
"Putu, Joseph",35,CB,6020,195,SR,North Dakota State College of Science,"Wahpeton, N.D."
"Raymond, RJ",45,LB,6020,247,RS JR,Fletcher,"Atlantic Beach,Fla"
"Reese, David",33,LB,6000,244,SO,Farmington,"Farmington, Mich."
"Riles, Antonio",51,OG,6040,313,RS JR,Archer,"Lawrenceville, Ga."
"Robinson, James",85,WR,6040,205,FR,Lakeland,"Lakeland, Fla."
"Rowell, Tanner",70,OL,6020,275,RS FR,Melbourne,"Melbourne, Fla."
"Ruskell, Jack",0,QB,6020,195,FR,Libertyville,"Libertyville, Ill."
"Scarlett, Jordan",25,RB,5100,213,JR,St. Thomas Aquinas,"Fort Lauderdale, Fla."
"Sherit, Jordan",17,DE,6040,254,RS SR,Hillsborough,Tampa
"Slaton, Tedarrell",56,DL,6040,349,FR,American Heritage,"Fort Lauderdale, Fla."
"Smith, Jordan",42,DL,6050,238,RS FR,Lithonia,"Lithonia, Ga."
"Smith, Nick",40,LB,6010,210,FR,Dr. Phillips HS,"Orlando, Fla."
"Sproles, Nick",42,QB,6020,203,RS FR,Winer Park,"Winter Park, Fla."
"Stephens, Garrett",30,DB,5090,188,RS SR,St. Xavier,"Louisville,Ky"
"Stephens, Moral",82,TE,6030,249,RS JR,Taylor County,"Perry,Fla"
"Stewart, Brad",2,DB,6000,190,FR,McDonough,"New Orleans, La."
"Stiner, Donovan",13,S,6020,194,FR,Bellaire,"Bellaire, Texas"
"Swain, Freddie",16,WR,6000,186,SO,North Marion,"Ocala, Fla."
"Taylor, Jawaan",65,OG,6050,340,SO,Cocoa,"Cocoa, Fla."
"Taylor, Jeawon",29,S,6000,187,SO,Park Crossing,"Montgomery, Ala."
"Telfort, Kadeem",76,OL,6060,318,FR,Booker T. Washington,"Miami, Fla."
"Thomas, Will",46,LB,5090,233,RS FR,Dunnellon,"Dunnellon, Fla."
"Thompson, Mark",24,RB,6020,237,RS SR/TR,Cheltenham,"La Mott, Pa."
"Tilghman, Jacob",49,LS,6010,207,RS SO,Mainand,"Daytona Beach, Fla."
"Toney, Kadarius",17,ATH,5110,180,FR,Blount,"Eight Mile, Ala."
"Town, Cameron",49,DB,5110,183,RS SR,Dunedin,"Clearwater, Fla."
"Townsend, Johnny",19,P,6010,211,RS SR,Boone,Orlando
"Townsend, Tommy",88,P,6010,195,RS SO,Boone,"Orlando, Fla."
"Trask, Kyle",11,QB,6040,238,RS FR,Manvel,"Manvel, Texas"
"Underwood, Houston",0,OL,6030,265,JR,Westminster Academy,"Coral Springs, Fla."
"Villano, Nick",71,OL,6020,301,RS SO,American Heritage,"Wellington, Fla."
"Walters, Brady",25,DB,5110,176,RS JR,South Lake,"Clermont, Fla."
"Washington, Nick",8,DB,6000,198,RS SR,Trinity Christian Academy,Jacksonville
"Weldon, Danny",59,LB,6010,223,RS SO,Tampa Catholic,"Tampa, Fla."
"Wells, Rick",83,WR,6000,206,RS FR,Raines,"Jacksonville, Fla."
"Wilson, Marco",3,CB,6000,180,FR,American Heritage,"Fort Lauderdale, Fla."
"Zaire, Malik",8,QB,6000,225,SR/TR,Archbishop Alter,"Kettering, Ohio"
"Zuniga, Jabari",92,DL,6030,245,RS SO,Sprayberry,"Marietta, Ga."
