Name,Number,Position,Height,Weight,Class,High School/JUCO,Hometown
"Abdul-Aziz, Jamil",85,DL,6020,293,RS FR,Broadmoor HS,"Baton Rouge, La."
"Abdul-Aziz, Jibrail",58,OC,6020,289,RS JR,Broadmoor,"Baton Rouge, LA"
"Alexander, Donnie",48,ILB,6010,212,SR,Edna Karr,"New Orleans, LA"
"Alexander, Edwin",95,DT,6020,333,SO,St. Thomas Aquinas,"Hammond, La."
"Anderson, Dee",11,WR,6050,202,SO,DeSoto HS,"DeSoto, Texas"
"Anthony, Andre",46,DE,6050,219,RS FR,Edna Karr,"New Orleans, La."
"Barney, Chance",47,LB,6010,220,JR/TR,Covington,"Covington, La."
"Battle, John",26,FS,6010,202,SR,Hallandale,"Hallandale, FL"
"Beckwith, Justin",87,WR,6020,207,RS FR,East Feliciana HS,"Jackson, La."
"Brennan, Myles",15,QB,6040,182,FR,St. Stanislaus,"Long Beach, Miss."
"Brock, Matt",43,FB,6010,214,RS SO,McCallie School,"Chattanooga, Tenn."
"Brossette, Nick",4,RB,6000,218,JR,University,"Baton Rouge, LA"
"Brown, Caleb",39,DB,6010,195,RS FR,North DeSoto HS,"Stonewall, La."
"Brumfield, Garrett",78,OG,6030,305,JR,University,"Baton Rouge, LA"
"Campbell, Donavaughn",71,OL,6040,344,SO,Ponchatula,"Ponchatula, La."
"Carter, Tory",22,FB,6010,260,FR,Lee County HS,"Leesburg, Ga."
"Chaisson, K'Lavon",4,LB,6050,230,FR,North Shore HS,"Houston, Texas"
"Chark, D.J.",7,WR,6020,187,SR,Alexandria,"Alexandria, LA"
"Charles, Saahdiq",77,OL,6050,328,FR,Madison-Ridgeland Academy,"Jackson, Miss."
"Clapp, Matt",45,FB,6020,227,FR,Brother Martin,"Metairie, La."
"Clapp, William",64,OG,6050,309,RS JR/2,Brother Martin,"New Orleans, LA"
"Clark, Deondre",98,DE,6030,272,SR,Douglass,"Oklahoma City, OK"
"Culp, Connor",34,PK,5110,186,RS FR,Lester Vista HS,"Phoenix, Ariz."
"Cushenberry III, Lloyd",79,OL,6040,306,RS FR,Dutchtown HS,"Geismar, La."
"Davis, Drake",25,WR,6030,217,SO,IMG Academy,"Baton Rouge, La."
"Deculus, Austin",76,OL,6060,345,FR,Cy-Fair,"Cypress, Texas"
"Delpit, Grant",9,S,6030,191,FR,IMG Academy,"Houston, Texas"
"Dickens, Micah",12,CB,5100,195,SR,Grant,"Dry Prong, La. "
"Dillon, Derrick",19,WR,5110,181,RS SO,Pine,Franklinton
"Divinity Jr., Michael",45,OLB,6020,234,SO,John Ehret HS,"Marrero, La."
"Ducre, David",41,FB,6000,236,JR,Lakeshore,"Slidell, LA"
"Edwards-Helaire, Clyde",32,RB,5080,210,FR,Catholic HS,"Baton Rouge, La."
"Escort III, Clifton",44,DL,6000,221,RS FR,Morgan City HS,"Morgan City, La."
"Etling, Danny",16,QB,6020,215,SR/TR,South Vigo,"Terre Haute, Ind."
"Farrell Jr., Neil",92,DE,6040,294,FR,Murphy HS,"Mobile, Ala."
"Fehoko, Breiden",91,DT,6030,287,JR/TR,Farrington,"Honolulu, Hawaii"
"Ferguson, Blake",50,LS,6030,227,RS SO,Buford,"Buford, GA"
"Fournette, Lanard",27,RB,5100,199,RS SO,St. Augustine,"New Orleans, LA"
"Fulton, Kristian",22,CB,6010,188,SO,Archbishop Rummel,"Metairie, La."
"Gage, Russell",83,WR,6000,179,SR,Redemptorist,"Baton Rouge, LA"
"Gallman, Trey",33,FB,6010,256,RS JR,Dutchtown,"Prairieville, LA"
"Gamble, Cameron",36,PK,5110,189,SR,Flower Mound,"Flower Mound, TX"
"Garnett, Layton",50,LB,6030,250,RS FR,West Monroe,"West Monroe, La."
"Giles, Jonathan",89,WR,5110,184,JR/TR,Elkins,"Missouri City, Texas"
"Gilmore, Greg",99,DT,6050,308,SR,South View,"Hope Mills, N.C. "
"Gonsoulin, Jack",35,PK,5090,165,RS SO,Catholic HS,"Baton Rouge, La."
"Growden, Josh",38,P,6010,197,RS SO,Clare,"Sydney, Australia"
"Guice, Derrius",5,RB,5110,212,JR,Catholic,"Baton Rouge, LA"
"Hall, Kody",55,LB,6010,244,SO/TR,Burnet,"Nacogdoches, Texas"
"Harris Jr., Todd",33,S,6000,188,FR,Plaquemine HS,"Plaquemine, La."
"Henry, Reshaud",34,RB,5090,199,RS SR,Ponchatoula,"Ponchatoula, LA"
"Herron, Frank",97,DT,6040,305,SR,Memphis Central,"Memphis, Tenn. "
"Ingram, Edward",70,OL,6040,340,FR,DeSoto,"DeSoto, Texas"
"Jackson, Donte",1,CB,5110,173,JR,Riverdale,"Metairie, LA"
"Jones, Justin",31,WR,5080,175,RS FR,St. Mark's School of Texas,"Dallas, TX"
"Kairdolf, Justin",54,DL,6020,265,RS FR,Parkview Baptist HS,"Baton Rouge, La."
"Kershaw, Michael",39,WR,5070,160,RS SO,Evangel Christian Academy,"Shreveport, La."
"Key, Arden",49,DE,6060,238,JR,Hapeville Charter Academy,"Lithonia, GA"
"Kirklin, Jontre",13,CB,6000,173,FR,Lutcher HS,"Lutcher, La."
"LaCouture, Christian",18,DT,6050,301,SR,Lincoln Southwest,"Lincoln, Neb. "
"Landrum, Louis",29,WR,5100,189,RS FR,Lusher Charter School,"New Orleans, La."
"Lawrence, Rashard",90,DT,6030,301,SO,Neville HS,"Monroe, La."
"Lewis, Caleb",8,QB,6040,211,RS SO,Victory Christian Academy,"Lakeland, Fla."
"Lewis, Cameron",31,DB,6020,196,RS FR,Wissman HS,"Monroe, La."
"Lewis, Xavier",17,CB,6000,193,RS SO,East St. John HS,"LaPlace, La."
"Logan, Glen",96,DE,6040,315,RS FR,Destrehan,"Destrehan, La."
"Luke, Rory",54,OL,6040,272,RS SO,Brother Martin,"New Orleans, La."
"Magee, Adrian",73,OT,6050,309,RS SO,Franklinton,"Franklinton, LA"
"Malone, K.J.",63,OG,6040,303,SR,Cedar Creek,"Ruston, La."
"Martin, Sci",87,DE,6040,240,SO,McDonough 35,"New Orleans, La."
"McMath, Racey",81,WR,6030,213,FR,Edna Karr HS,"New Orleans, La."
"McMillan, Justin",12,QB,6010,193,RS SO,Cedar Hill,"Cedar Hill, TX"
"Mikush, Justin",62,OT,6030,281,RS JR,Klein Oak,"Tomball, TX"
"Moffitt, Aaron",42,DE,6030,259,FR,Catholic HS,"Baton Rouge, La."
"Monroe, Eric",30,DB,6000,191,RS FR,North Shore HS,"Houston, Texas"
"Moore, John David",44,TE,6040,241,SR,Ruston,"Ruston, La."
"Moreau, Foster",84,TE,6060,250,JR,Jesuit,"New Orleans, LA"
"Moss, Thaddeus",82,TE/FB,6040,237,SO/TR,Mallard Creek,"Charlestown, W. Va."
"Mouton, Bry'Kiethon",47,TE,6010,265,JR,Acadiana,"Lafayette, LA"
"Narcisse, Lowell",2,QB,6020,237,FR,St. James,"St. James, La."
"Netherly, Mannie",86,WR,6030,185,FR,Crosby HS,"Crosby, Texas"
"Newsome, Seth",59,DE,6000,276,RS FR,Mountain View HS,"Fredericksburg, Va."
"Ostrom, Michael",30,WR,6000,180,RS SO,St. Michael The Archangel,"Baton Rouge, La."
"Paris, Ed",21,CB,6010,203,SR,Mansfield Timberview,"Arlington, TX"
"Patterson, M.J.",56,LB,6030,223,SR,Winnfield,"Winnfield, La. "
"Pettigrew, Jamal",80,TE,6070,250,RS FR,St. Augustine HS,"New Orleans, La."
"Phillips, Jacob",6,LB,6030,235,FR,East Nashville Magnet HS,"Nashvillle, Tenn."
"Pinto, Leon",61,OL,6030,278,RS FR,Lamar HS,"Houston, Texas"
"Queen, Patrick",8,LB,6020,215,FR,Livonia HS,"Livonia, La."
"Roddy, Caleb",85,TE,6050,276,SO,Denham Springs,"Denham Springs, La."
"Rucker, Jonathan",51,OLB,6000,236,SR,Ponchatoula,"Ponchatoula, LA"
"Savage, Jakori",65,OL,6050,300,RS FR,Baldwin County,"Bay Minette, Ala."
"Scheyd, Tiger",17,QB,6000,188,RS JR,Fort Walton Beach,"Miramar, FL"
"Scott Jr., Lindsey",14,QB,5110,210,RS FR,Zachary HS,"Zachary, La."
"Shelvin, Tyler",72,NT,6020,380,FR,Notre Dame HS,"Lafayette, La."
"Simmers, Turner",69,OT,6050,274,RS JR,St. Amant,"Prairieville, LA"
"Smith, Carlton",42,HB,6030,227,FR,Lamar,"Houston, Texas"
"Smith, Michael",67,OL,6020,290,RS FR,Ellison HS,"Kileen, Texas"
"Stevens, JaCoby",3,S,6020,214,FR,Oakland HS,"Murfreesboro, Tenn."
"Stewart, Seth",51,OL,6060,320,FR,Point Pleasant HS,"Point Pleasant, W. Va."
"Sullivan, Stephen",10,WR,6060,235,SO,Donaldsonville HS,"Donaldsonville, La."
"Taylor, Tyler",24,LB,6030,234,FR,Lanier HS,"Buford, Ga."
"Thomas, Justin",93,DE,6050,264,FR,Spanish Fort,"Spanish Fort, Ala."
"Thompson, Corey",23,FS,6020,221,SR,Lawrence Elkins,"Missouri City, Texas "
"Thornton, Rahssan",43,OLB,6030,222,RS FR,Shoemaker HS,"Killeen, Texas"
"Toliver II, Kevin",2,CB,6020,193,JR,Trinity Christian,"Jacksonville, FL"
"Vincent Jr., Kary",15,CB,5100,175,FR,Port Arthur Memorial HS,"Port Arthur, Texas"
"Von Rosenburg, Zach",46,P,6050,250,RS FR,Zachary HS,"Lake Charles, La."
"Voorhies, Devin",35,ILB,6020,223,SR,Wilkinson County,"Woodville, MS"
"Wallace, Abraham",41,DB,6000,189,RS JR,Dunham,"Baton Rouge, LA"
"Washington, Isaiah",94,DE,6040,236,SO,Karr,"New Orleans, LA"
"Washington, Jacory",88,TE,6050,228,RS JR,Westlake,"Westlake, LA"
"Weathersby, Toby",66,OT,6050,392,JR,Westfield,"Houston, TX"
"Weir, Vendero",58,LB,6020,248,RS FR,University HS,"Baton Rouge, La."
"Westly, Tony",32,DB,6000,170,RS JR/TR,East Iberville HS,"St. Gabriel, La."
"White, Devin",40,LB,6010,255,SO,North Webster HS,"Springhill, La."
"Williams, Andraez",29,DB,6020,175,RS FR,Calvary Baptist Academy,"Shreveport, La."
"Williams, Darrel",28,RB,6010,233,SR,John Ehret,"Marrero, LA"
