Name,Number,Position,Height,Weight,Class,High School/JUCO,Hometown
"Allsup, Austin",69,OL,6030,300,RS JR,Lorena,"Austin,TX"
"Anderson, Alex",63,OL,6030,310,RS JR,Landry-Walker,"New Orleans,LA"
"Beck, Andrew",47,TE,6040,255,SR,Plant,"Tampa, Fla."
"Becker, Mitchell",38,P,6030,195,RS SR,Clear Creek,"League City, Texas"
"Bernard, Roderick",27,WR,5100,185,SR,Sharpstown,"Houston, Texas"
"Bimage, Marqez",0,LB,6020,230,FR,Brenham,"Brenham, Texas"
"Bonney, John",24,SS,6010,200,RS JR,Lamar,"Houston, Texas"
"Boyce, Kobe",0,DB,6000,164,FR,Lake Dallas,"Corinth, Texas"
"Boyd, Demarco",36,LB,6010,245,RS FR,Gilmer,"Gilmer, Texas"
"Boyd, Kris",2,CB,6010,195,JR,Gilmer,"Gilmer,TX"
"Brewer, Cade",0,TE,6030,210,FR,Lake Travis,"Austin, Texas"
"Brown, Chris",15,S,5110,210,RS FR,Alief Elsik,"Houston, Texas"
"Buechele, Shane",7,QB,6010,205,SO,Lamar,"Arlington, Texas"
"Burt, John",1,WR,6030,200,JR,Lincoln,"Tallahassee,FL"
"Carr, Trevor",33,DB,6010,210,SO,Tyler,"Tyler, Texas"
"Carter, Toneil",30,RB,6000,205,FR,Langham Creek,"Houston, Texas"
"Chisholm, Jamari",0,DL,6040,299,JR/TR,Valdosta,"Valdosta, Ga."
"Christmas, D'Andre",98,DT,6020,315,SO,St Augustine,"New Orleans, La."
"Cosmi, Samuel",0,OL,6060,279,FR,Atascocita,"Fort Worth, Texas"
"Covey, Josh",18,QB,6010,200,RS SO,East View,"Georgetown, Texas"
"Cuffee, Eric",26,CB,5110,195,RS FR,Waco,"Waco, Texas"
"Cummins, Max",0,DE,6050,243,FR,All Saints Episcopal HS,"Fort Worth, Texas"
"Cuney, Terrell",51,OC,6030,315,RS JR,Jasper,"Jasper, Texas"
"Curtis, Davion",16,WR,6010,190,RS FR,Temple,"Temple, Texas"
"Daniels, Chris",99,DT,6030,330,RS FR,Trinity,"Euless, Texas"
"Davis, Antwuan",7,CB,6010,200,SR,Bastrop,"Bastrop, Texas"
"Davis, Davante",18,CB,6030,205,JR,Booker T. Washington,"Miami,FL"
"Delance, Jean",74,OT,6050,320,SO,North Mesquite,"Mesquite, Texas"
"Dickson, Michael",37,P,6030,205,JR,Australian Institute of Sport,"Sydney, Australia"
"Durst, Jarmarquis",28,DB,6010,205,RS JR/TR,Oak Ridge HS,"Conroe, Texas"
"Duvernay, Devin",2,WR,6010,205,SO,Sachse,"Sachse, Texas"
"Duvernay, Donovan",27,DB,5090,190,RS FR,Sachse,"Sachse, Texas"
"Ehlinger, Sam",11,QB,6020,225,FR,Westlake,"Austin, Texas"
"Elliott, DeShon",4,FS,6020,205,JR,Rockwell-Heath,"Rockwell, Texas"
"Estell, Montrell",0,DB,6010,185,FR,Hooks,"Hooks, Texas"
"Fehr, Chris",89,TE,6030,240,RS JR,McNeil,"Austin, Texas"
"Fitzgerald, Andrew",48,DE,6060,265,RS FR,Marcus,"Flower Mound, Texas"
"Ford, Poona",95,DT,6010,310,SR,Hilton Head,"Hilton Head, S.C."
"Foreman, Armanti",3,WR,6010,215,SR,Texas City,"Texas City, Texas"
"Fowler, Erick",41,OB,6020,260,SO,Manor,"Manor, Texas"
"Freeman, Edwin",35,OLB,6020,245,RS JR,Bowie,"Arlington, Texas"
"Gonzalez, Eric",36,WR,5090,200,SO,Weslaco,"Weslaco, Texas"
"Graf, Garrett",54,OL,6020,300,SR,South Grand Prairie,"Grand Prairie,TX"
"Graham, Ta'Quon",0,DE,6030,266,FR,Temple,"Temple, Texas"
"Gray, Garrette",87,WR,6040,230,RS JR,Marble Falls,"Marble Falls, Texas"
"Hafley, Trenton",40,RB,5100,195,RS JR,Burnet,Wichita Falls
"Hager, Breckyn",44,DE/OB,6040,245,JR,Westlake,"Austin,TX"
"Hall, Jason",31,FS,6030,220,SR,South Grand Prairie,"Grand Prairie, TX"
"Harper, Jay",42,LB,6010,235,RS JR,Stratford,"Houston,TX"
"Heard, Jerrod",13,WR,6030,200,RS JR,Guyer,"Denton, TX"
"Hemphill-Mapps, Reggie",17,WR,6010,185,RS FR,Manvel,"Manvel, Texas"
"Hill, Holton",5,CB,6030,205,JR,Lamar,"Houston,TX"
"Holbrook, Jak",53,LS,5110,210,RS JR,McCallum,"Austin,TX"
"Houston, Tristian",41,RB,6010,210,RS SO,North Shore,"Houston,TX"
"Hrncir, Kyle",31,LB,6020,220,SO,Johnson,"San Antonio, Texas"
"Hudson, Patrick",73,OL,6050,325,RS FR,Silsbee,"Silsbee, Texas"
"Hughes, Naashon",40,DE/OLB,6040,260,RS SR,Harker Heights,"Harker Heights, Texas"
"Humphrey, Lil'Jordan",84,WR,6050,220,SO,Southlake Carroll HS,"Southlake, Texas"
"Imade, Tope",67,OG,6050,315,RS FR,Bowie,"Arlington, Texas"
"Jefferson, Malik",46,MLB,6030,240,JR,Poteet,"Mesquite,TX"
"Joe, Lorenzo",14,WR,6030,210,SR,Cooper,"Abilene, TX"
"Johnson, Collin",9,WR,6060,215,SO,Valley Christian,"San Jose, Calif."
"Johnson, Gary",0,LB,6000,211,JR/TR,Douglas,"Douglas, Ala."
"Johnson, Kirk",28,RB,6010,215,SO,Valley Christian,"San Jose,CA"
"Jones, Brandon",19,FS,6010,215,SO,Nacogdoches,"Nacogdoches, Texas"
"Kerstetter, Derek",0,OL,6050,299,FR,Regan,"San Antonio, Texas"
"Leitao, Reese",0,TE,6050,237,FR,Jenks,"Jenks, Okla."
"Leonard, Dorian",8,WR,6050,210,SR,Longview,"Longview, TX"
"Locke III, P.J.",11,S,5110,215,JR,Central,Beaumont
"Major, Buck",70,OT,6060,315,RS SO,Huntsville,"Huntsville,Tx"
"McCulloch, Jeffrey",23,OLB,6030,245,SO,Aldine Davis,"Houston, Texas"
"McMillon, Jake",64,OC,6030,305,RS JR,Abilene,"Abilene, TX"
"Miller, Damion",0,WR,6000,189,FR,John Tyler,"Tyler, Texas"
"Moeller, Philipp",85,WR,6010,185,RS JR,Plano,"Plano,TX"
"Naggar, Chris",45,K,6010,195,RS FR,Arlington,"Arlington, Texas"
"Nelson, Chris",97,DT,6030,300,RS JR,Victory Christian,"Lakeland, Fla."
"Nickelson, Tristian",75,OT,6100,315,SR/TR,Clear Falls,"League City,TX"
"Okafor, Denzel",78,OT,6040,310,SO,Lewisville,"Lewisville, Texas"
"Omenihu, Charles",90,DE,6070,270,JR,Rowlett,"Rowlett,TX"
"Pequeno, Edward",39,LB,6010,235,SO,Memorial,"McAllen, Texas"
"Porter, Kyle",21,RB,5110,215,SO,Katy,"Katy, Texas"
"Poujol, Michael David",39,LS,6040,215,RS FR,Memorial,"Houston, Texas"
"Pouncey, Jordan",0,WR,6010,187,FR,Winter Park,"Winter Park, Fla.a"
"Roach, Malcolm",32,DE,6030,270,SO,Madison Prep Academy,"Baton Rouge, La."
"Rodriguez, Elijah",72,OG,6060,305,RS JR,Cypress Creek,"Houston, TX"
"Rowland, Joshua",49,K,5110,200,JR/TR,Madison Central,"Madison, Miss."
"Shackelford, Zach",56,OC,6040,305,SO,Belton,"Belton, Texas"
"Strickland, Jordan",23,DB,5100,175,RS JR,Cherokee Trail,"Aurora,Colo"
"Thomas, Garrett",79,OL,6070,310,RS SO,Many,"Many,LA"
"Thompson, Josh",0,DB,5110,178,FR,Nacogdoches,"Nacogdoches, Texas"
"Townsend, Cameron",43,OLB,6010,225,RS SO,Ridge Point,"Missouri City,TX"
"Urquidez, J.P.",71,OT,6070,290,RS FR,Copperas Cove,"Copperas Cove, Texas"
"Vahe, Patrick",77,OG,6040,325,JR,Trinity,"Euless,TX"
"Warren III, Chris",25,RB,6030,250,JR,Rockwall,"Rockwall,TX"
"Wheeler, Anthony",45,OLB,6030,240,JR,Skyline,"Dallas,TX"
"Wilbon, Gerald",94,DT,6030,320,SO,Destrehan,"Destrehan, La."
"Williams, Connor",55,OT,6060,320,JR,Coppell,"Coppell,TX"
"Willis, Robert",43,TE,6040,250,SR,Dripping Spring,"Dripping Springs, Texas"
"Wilson, Michael",82,WR,6040,235,RS JR,Arlington Martin,"Arlington,TX"
"Yoder, Tim",30,RB,5100,195,RS JR,Plano,"Plano,TX"
"Young, Daniel",0,RB,6000,210,FR,Westfield,"Houston, Texas"
