Name,Number,Position,Height,Weight,Class,High School/JUCO,Hometown
"Aibuedefe, Nick",79,DL,6040,265,RS SO,Capital Christian HS,"Sacramento, Calif."
"Allen, Justin",13,WR,5110,186,RS JR,Mater Dei,Los Angeles Calif.
"Allison, Jeffrey",24,ILB,6000,245,SO,Langston Hughes,"Fairburn, Ga."
"Atkins, Kevin",90,DL,6020,315,RS FR,Vista Murrieta HS,"Murrieta, Calif."
"Bailey, Brent",0,QB,N/A,N/A,FR,Clovis North,"Fresno, Calif."
"Bailey, James",7,SLB,6010,225,JR,Lake Travis HS,"Austin, TX"
"Bell, Mike",4,CB,6030,205,RS SO,Citrus Hill HS,"Moreno Valley, Calif."
"Belony, Patrick",94,DL,6010,310,RS JR/TR,N. Miami Beach HS,"N. Miami Beach, Fla."
"Bien-Aime, Marc-David",0,OL,6050,365,FR,Montmorency College,"Montreal, Quebec"
"Boateng, Matt",26,DB,5110,178,JR/TR,IMG Academy,"Ajax, Ontario"
"Bryant, Jaron",38,DB,6000,186,SO,Duncanville HS,"Duncanville, Texas"
"Bull, Dontae",0,OL,6070,305,FR,Belmont Secondary,"Victoria, B.C."
"Cage, Richard",0,DL,6020,225,FR,Eleanor Roosevelt,"Corona, Calif."
"Camacho, Jimmy",36,K,5100,180,SR,Citrus Hill HS,"Perris, Calif."
"Coleman, Chris",0,DB,5110,180,FR,Garces Memorial,"Bakersfield, Calif."
"Coleman, Donte",82,TE,6030,240,RS FR,West Mesquite HS,"Mesquite, Texas"
"Coleman, Sherman",0,DB,5100,165,JR/TR,Westside,"Houston, Texas"
"Cronk, Christian",58,OT,6040,300,JR/TR,Oceanside,"Oceanside, Calif."
"Cruz, Alex",0,ILB,6030,230,FR,Concord,"Concord, Calif."
"Cusick, Blake",47,P,6010,192,RS SO,Monrovia HS,"Monrovia, CA"
"Dalena, Frank",19,WR,5070,154,RS SO,San Joaquin Memorial,"Fresno, Calf."
"De Jager, Nathan",45,K/P,6000,188,RS FR,Bakersfield Christian,"Bakersfield, Calif."
"DeGruy, Damien",0,DL,6030,235,FR,McDonogh,"New Orleans, La."
"Finch, Jackson",18,DB,6010,200,SR/TR,Central Catholic,"Modesto, Calif."
"Forrester, Malik",97,DL,6010,315,SR/TR,Glen Burnie HS,"Annapolis, Md."
"Foster, Tainoa",50,LB,6020,190,RS FR,Kamehameha HS,"Honolulu, Hawaii"
"Free, Wylan",0,CB,6010,170,FR,Lynwood,"Compton, Calif."
"Fuller, Asa",0,K,N/A,N/A,FR,Servite,"Fountain Valley, Calif."
"Gama, Shane",76,OL,6040,319,RS JR/TR,N/A,"Chino, Calif."
"Gaston, Chris",0,DB,6010,180,FR,Bishop Amat,"La Puente, Calif."
"Grayson, Anthony",84,WR,6010,168,RS JR,Redlands East Valley,"Redlands, Calif."
"Green, Justin",40,DE,6030,206,SR,Oak Park,"Oak Park, Calif."
"Grim, Derrion",0,WR,6000,195,SO/TR,N/A,"Stockton, Calif."
"Hardaway, Delvon",6,WR,6010,195,SR,Dorsey HS,"Los Angeles, Calif."
"Harper, Austin",25,RB,5080,160,SR/TR,El Cerrito HS,"Oakland, CA"
"Haynes, Jasad",93,DT,6000,270,RS SO,Clovis North HS,"Fresno, Calif."
"Helmuth, George",34,ILB,6010,222,RS JR,Clovis North,"Fresno, Calif."
"Hendrickson, Kyle",86,DE,6040,259,RS JR,San Pasqual,"Escondido, Calif."
"Hokit, Josh",33,OLB,6020,220,SO,Clovis,"Clovis, Calif."
"Hughes, Juju",23,CB,5100,179,SO,Hanford HS,"Hanford, Calif."
"Hughes, Logan",62,OT,6030,270,JR/TR,Green Valley,"Las Vegas, Nev."
"James, Dontel",28,RB,6000,222,RS SR/TR,Summit HS,"Fontana, Calif."
"Javernick, Gunner",46,TE,6050,266,JR/TR,Canon City,"Canon City, Colo."
"Jeanniton, Kevin",96,DE,6030,240,RS FR,Bullard,"Fresno, Calif."
"Jeune, Patrick",0,WR,6000,182,FR,Morningside,"Hawthorne, Calif."
"Johnson, KeeSean",3,WR,6010,204,RS JR,Palo Alto,"Palo Alto, Calif."
"Johnson, Saevion",24,RB,5110,198,RS FR,Reno HS,"Reno, Nevada"
"Jordan, Jamire",1,WR,5100,170,RS JR,Highland,"Lancaster, Calif."
"Kelly, Anthoula",6,CB,5090,195,RS JR,Galena Park,"Galena Park, Texas"
"Kroening, Kody",48,P,5110,180,SR,Valley Christian,"San Jose, Calif."
"Lindquist, Kyle",0,QB,N/A,N/A,FR,Pleasant Valley,"Chico, Calif."
"Madsen, Nathan",91,DE,6040,300,SR,Eureka HS,"Eureka, Calif."
"Mauga, T.J.",0,DL,6030,280,FR,Churchill County,"Fallon, Nev."
"Milton, Ka'Lonn",27,DB,6000,185,RS SO,Buchanon,"Fresno, Calif."
"Mims, Jordan",0,RB,5110,181,FR,Menlo-Atherton,"East Palo Alto, Calif."
"Mitchell, Aaron",77,OG,6020,307,SR,Cathedral Catholic,"San Diego, Calif."
"Moraga, Daniel",0,ATH,6040,235,FR,Pacifica,"Oxnard, Calif."
"Mosby, Arron",0,DB,6030,200,FR,Sanger,"Sanger, Calif."
"Muti, Netane",52,OL,6030,302,RS FR,Leilehua HS,"Wahiawa, Hawaii"
"Ndoh, Emeka",0,DL,6000,261,JR/TR,N/A,"Reedley, Calif."
"O'Neal, Dejonte",11,RB,5060,170,JR,Bullard,"Fresno, Calif."
"Oglesby, Bryson",23,RB,5110,199,RS SO,Fort Bend Austin HS,"Sugar Land, Texas"
"Okeke, Tobenna",56,ILB,6020,250,SR,Elkins,"Missouri City, Texas"
"Otukolo, Nela",10,ILB,5110,250,JR,Bishop Gorman HS,"Las Vegas, Nev."
"Parker, Kevin",27,WR,5070,146,RS FR,Skyline,"Oakland, Calif."
"Parker, Namani",87,WR,6040,201,JR/TR,Oakmont,"Roseville, Calif."
"Patterson, David",78,OT,6050,294,SR,Woodbridge HS,"Irvine, Calif."
"Perry, Deonte",4,RB,5110,184,RS FR,Canoga Park HS,"Canoga Park, Calif."
"Pope, Zane",0,WR,6000,181,FR,Moorpark,"Moorpark, Calif."
"Popolizio, Ryan",74,OG,6070,300,SR/TR,St. Francis HS,"Fremont, Calif."
"Potts, DeShawn",2,S,5110,202,RS JR,Monrovia,"Monrovia, Calif."
"Reyna, Jorge",10,QB,6010,210,JR/TR,N/A,"Downey, Calif."
"Rice, Jared",16,TE,6050,216,RS SO,Central Catholic HS,"Modesto, CA"
"Rice, Justin",22,RB,6020,216,SO,Central Catholic HS,"Modesto, Calif."
"Rice, Tanner",48,LB,6000,236,RS FR,Clovis,"Clovis, Calif."
"Riddering, Kyle",89,TE,6050,240,RS JR,Clovis North,"Fresno, Calif."
"Rivers, Ronnie",0,RB,5080,175,FR,Freedom,"Brentwood, Calif."
"Rossi, Christian",17,QB,6030,210,SR/TR,Clovis North,"Fresno, Calif."
"Russell, Chantz",0,OL,N/A,N/A,FR,Marin Catholic,"Petaluma, Calif."
"Scott, Da'Mari",8,WR,6010,212,RS SR,Cathedral HS,"Muskegon Heights, MI"
"Smith, Matthew",59,OL,6010,284,RS FR,St. John Bosco,"Long Beach, Calif."
"Soechting, Trent",22,LB,6030,218,JR/TR,Cinco Ranch HS,"Katy, Texas"
"St. Andrew, Micah",73,OG,6030,350,RS JR,Eisenhower,"Rialto, Calif."
"Stanley, Robert",32,ILB,6030,250,SR,Bishop Gorman HS,"Las Vegas, Nev."
"Tangipa, David",88,TE,6040,241,RS JR,Foothill,"Sacramento, Calif."
"Tuitele, Syrus",0,OL,6060,290,FR,Pleasant Valley,"Chico, Calif."
"Tupuola, Zelan",0,OL,6020,308,FR,Jserra Catholic,"Carson, Calif."
"Tyler, Messiah",30,SAM,5080,228,RS SO/TR,Vista Murrieta,"Murrieta, Calif."
"Vaimili, Austin",17,DE,6050,262,SR/TR,Junipero Serra,"Torrance, Calif."
"Van Hook, Stephen",44,OLB,6010,250,SR,Citrus Hill HS,"Perris, Calif."
"Virgil, Chason",5,QB,6010,190,RS SO,West Mequite HS,"West Mesquite, Texas"
"Walker, Mykal",0,SLB,6030,215,JR/TR,Vacaville,"Vacaville, Calif."
"Westberry, Jacob",53,LS,6030,234,RS FR,St. Stephen's Episcopal,"Bradenton, Fla."
"Williams Jr., Patrick",54,LS,6030,203,RS FR,N/A,N/A
"Woodley, Quireo",66,OL,6040,305,FR,Murrieta Valley,"Murrieta, Calif."
"Wright, Andrew",31,SLB,6020,205,RS FR,Buena Park HS,"Buena Park, Calif."
