Name,Number,Position,Height,Weight,Class,High School/JUCO,Hometown
"'Unga, Metuisela",97,TE,6050,240,SR,Rancho Cucamonga HS,"Rochester, Calif."
"Abreu, Frank",31,WR,6000,200,RS SR/TR,St. Louis School,"Honolulu, Hawaii"
"Akoteu, Samiuela",91,DL,6020,320,RS SO,Junipero Serra,"Inglewood, Calif."
"Allen, Dejon",50,OG,6030,290,RS SR,Dominguez HS,"COMPTON, CA"
"Armstrong-Brown, Marcus",85,WR,6030,200,JR/TR,Justin-Sienna HS,"Napa, Calif."
"Aviu, Ramsey",76,OL,6020,300,FR,'Aiea,"'Aiea, O'Ahu"
"Barker, Ammon",80,WR,6040,225,RS SR,Alta HS,"SANDY, UT"
"Bernard, Isaiah",84,WR,6010,190,RS SR,Chaminade High School,"North Hills, CA"
"Borden, Noah",41,LB/LS,6010,215,JR,Kamehameha Schools Kapalama,"Pearl City, Hawaii"
"Borengasser, Austin",25,DB,6020,205,RS SO,Kamehameha Schools Kapalama,"Honolulu, Hawaii"
"Broman, Max",59,LB,6010,220,RS SR,Alta HS,"Draper, Utah"
"Brown, Dru",19,QB,6000,200,JR/TR,Los Gatos HS,"Monte Serano, Calif."
"Brownholtz, Cole",17,QB,6040,210,RS SO/TR,Jesuit HS,"Carmichael, Calif."
"Carter, Cole",89,DL,6040,265,RS FR,Fork Union,"Ashburn, Va."
"Choi, Zeno",99,DE,6030,260,JR,Kaiser High School,"Honolulu, O'ahu"
"Chung, Kaiwi",47,RB,5110,240,RS JR,Kamehameha,"Honolulu, HI"
"Collie, Dylan",23,WR,5100,175,RS JR/TR,Oakridge,"El Dorado Hills, Calif."
"Dale, Elijah",27,RB,5100,210,JR/TR,St. Ignatius,"San Francisco, Calif."
"Dalton, Donovan",0,DB,6040,200,FR,Saguaro,"Scottsdale, Ariz."
"Davis, Melvin",33,RB,6020,235,RS SR/TR,Natomas,"Santa Monica,CA"
"Dominique, Jay",0,DB,6020,195,FR,Old Montreal Cegep,"Montreal, Quebec"
"Eldridge, Tevarua",43,ILB,6020,230,RS JR,Baldwin,"Wailuku, HI"
"Eli, Asotui",65,OT,6040,315,RS JR,Kealakehe,"Kailua-Kona, HI"
"Ewaliko, Keelan",12,WR,5110,200,RS SR,Baldwin HS,"WAILUKU, HI"
"Faagau, Wesley",61,DL,6000,220,RS FR,Kamehameha Schools-Kapalama,"Wai'anae, O'ahu"
"Faalologo, Penitito",55,DL,5110,300,RS SR,Fagaitua HS,"Pago Pago, American Samoa"
"Falemalu, Rashaan",58,LB,6010,230,RS JR,Kahuku,"Hau'ula, HI"
"Farris II, Rojesterman",18,DB,6010,180,RS SO,Coral Springs Charter HS,"Coral Springs, Fla."
"Ford, Eugene",19,DB,6020,195,FR,University HS,"Los Angeles, Calif."
"Francisco, Akil",0,DB,6000,160,FR,Encinal,"Alameda, Calif."
"Furuta, Dayton",53,LB,5110,230,RS SO,Mililani HS,"Mililani, Hawaii"
"Gallup, Kyle",18,QB,6020,210,RS SO/TR,Chaparral HS,"Parker, Colo."
"Gaudion, Stan",83,P,6030,210,RS FR,Scotch College,"Melbourne, Australial"
"Gerard, Austin",37,DB,6010,195,RS SR/TR,Kamehameha Schools Kapalama,"Pearl City, Hawaii"
"Gifford, Ka'aumoana",94,DE,6040,275,RS JR,Kamehameha,"Wai'anae, HI"
"Gouveia, Dalton",52,LB,6010,225,RS SO,Charlotte Christian HS,"Mooresville, N.C."
"Graves, Emil",0,OL,6030,275,JR/TR,N/A,"Lynwood, Calif."
"Greeley, Kade",0,TE,6060,220,FR,Vista Murrieta,"Murrieta, Calif."
"Hauani'o, Josh",67,OL,6040,300,RS FR,'Iolani School,"Honolulu, Hawaii"
"Hayes, Cameron",28,S,5110,180,RS SO,Junipero Serra,"Gardena,CA"
"Henderson, Trayvon",39,SS,6000,200,RS SR,Grant Union HS,"SACRAMENTO, CA"
"Hendrie, Max",92,DL,6040,245,RS FR,The Scots College,"Sydney, Australia"
"Hensley, J.R.",57,OG,6050,310,RS SO,Edmond Santa Fe,"Edmond,OK"
"Hicks, Kalen",16,DB,6030,200,SO,Bishop Gorman HS,"Las Vegas, Nev."
"Holly, Freddie",21,RB,6000,210,RS FR,Norte Vista HS,"Riverside, Calif."
"Hudson-Rasmussen, Manu",0,DB,6000,185,JR/TR,Tigard,"Tigard, Ore."
"Hughes, Hunter",20,QB,5110,190,SR,Lake Zurich,"Lake Zurich, Ill."
"Ito, Genta",29,RB,5080,195,JR/TR,Hosei Daini HS,"Inabe, Japan"
"Kamaka, Tristin",49,WR,5080,165,SR/TR,Leilehua,"'Ewa Beach, O'ahu, Hawaii"
"Kauhi, Sione",95,TE,6050,235,RS SO,Wilsonville,"Wilsonville,OR"
"Keliiliki, Hekili",0,RB,6020,225,FR,Bentonville,"Bentonville, Ark."
"Kipper, Brandon",0,OL,6060,270,FR,Columbia,"Nampa, Idaho"
"Koloamatangi, Meffy",97,DE,6050,240,RS SR,Woodside HS,"EAST PALO ALTO, CA"
"Lewis Jr, Daniel",15,SS,5110,190,SR,New Iberia,"New Iberia, LA"
"Look, La'Akea",54,LB,6000,225,SO,Punahou School,"Waipahu, Hawaii"
"Maama, Josaiah",0,OL,6040,270,FR,Kings Academy,"Sunnyvale, Calif."
"Mageo, Malachi",38,LB,6020,210,RS JR,Serra,"Carson, CA"
"Manoa, David",90,DL,6030,240,RS SR,Aragon HS,"SAN MATEO, CA"
"Manuwai, Makai",48,DL,6010,255,FR,South Medford,"South Medford, Ore."
"Matautia, Solomon",27,S,6010,230,RS SO,Campbell,"Ewa Beach,HI"
"McCarthy, Shawn",43,LS,6040,250,JR/TR,Punahou School,"Honolulu, Hawaii"
"McDonald, Cole",13,QB,6040,205,RS FR,Sonora HS,"La Habra, Calif."
"McLean, Damario",0,DB,6010,185,FR,Elk Grove,"Elk Grove, Calif."
"Mermea, Anthony",0,DL,6040,300,FR,Vista Murrieta,"Murrieta, Calif."
"Moala, Viane",98,DL,6070,270,SO,Tafuna HS,"Ili'Ili, American Samoa"
"Moananu, Eperone",66,OG,6020,290,RS SO,Tafuna,"Pago Pago,AS"
"Mulanga, Dany",40,DB,6030,200,RS JR,Trinity,"Bedford, TX"
"Mullen, Isaia",0,WR,6040,190,FR,Madison,"Portland, Ore."
"Naotala, Kalepo",0,DL,6030,280,FR,Menchville,"Newport News, Va."
"Noa, Kumoku",87,WR,5110,175,RS FR,Kamehameha Schools Kapalama,"Honolulu, Hawaii"
"Norman, Matt",72,OT,6050,270,RS SR/TR,Fullerton,"Fullerton,CA"
"Nuuanau-Kuhiiki, Joey",70,DL,6030,260,RS FR,Wai'anae HS,"Wai'anae, Hawaii"
"Okeke, Ikem",22,LB,6000,220,SO,Bishop Gorman HS,"Las Vegas, Nev."
"Padello, K.K.",56,LB,5110,215,JR/TR,Mililani,"Mililani, Hawaii"
"Padello, Kaimana",96,DL,6000,205,SO,Mililani HS,"Mililani, Hawaii"
"Pang Kee, Austin",34,DB,5100,155,RS SO,Damien,"Kaneohe, Hawaii"
"Patterson, Don'Yeh",35,WR,6000,195,RS JR,Carson HS,"Carson, Calif."
"Pavihi, Penei",0,LB,6030,225,FR,Tafuna,"Pago Pago, American Samoa"
"Posa, Chris",60,OG,6040,290,SR/TR,St. Mary's Prep,"Commerce, Mich."
"Pritchard, Jeremiah",10,LB,6000,210,SO,Silverado HS,"Leone, American Samoa"
"Reed, Miles",0,RB,5080,190,FR,Centennial,"Corona, Calif."
"Russell, Doug",0,DB,6050,270,FR,O'Dea,"Seattle, Wash."
"Saint Juste, Diocemy",22,RB,5080,200,RS SR,Santaluces HS,"BOYNTON BEACH, FL"
"Sanitoa, Scheyenne",42,DB,6000,200,RS FR,"Pago Pago, American Samoa",Samoana HS
"Santiago, Keela",13,DB,6000,200,SO,Kahuku HS,"Kahuku, Hawaii"
"Sayles, Terrence",36,DB,6020,170,RS JR,Kerens,"Kerens, TX"
"Scott, Paul",0,LB,6010,205,FR,McClymonds Senior,"Oakland, Calif."
"Scruton, Ben",36,DB,6010,200,SO/TR,Carey Baptist Grammer,"Melbourne, Australia"
"Smith-Bejgrowicz, Kayson",35,DB,6030,195,SO,Kamehameha Schools-Kapalama,"'Ewa Beach, O'ahu, Hawaii"
"Stallworth, Drake",0,WR,6020,185,FR,Folsom,"Folsom, Calif."
"Stubblefield, Devan",89,WR,6000,190,RS JR,Saint Louis,"Ewa Beach, HI"
"Sunia, Alesana",77,DL,6030,305,RS FR,Leone HS,"Leone, American Samoa"
"Ta'Ala, Blessman",0,DL,6010,285,FR,Faga'Itua,"Faga'Itua, American Samoa"
"Tago, Jamie",0,DL,6030,260,FR,N/A,"Pago Pago, American Samoa"
"Tavai, Jahlani",31,LB,6040,235,RS JR,Mira Costa,"Redondo Beach, CA"
"Taylor, Kingjames",71,OL,6030,305,RS FR,Narbonne HS,"Harbor City, Calif."
"Timoteo, Kalakaua",81,WR,6010,190,SO,Mililani HS,"Mililani, Hawaii"
"Tolliver, Mykal",24,DB,6000,175,RS FR,St. John Bosco HS,"Bellflower, Calif."
"Tom, Nic",34,WR,5090,180,RS FR,Kaiser HS,"Honolulu, Hawaii"
"Torres, Dakota",86,TE,6020,245,RS JR,Punahou,Wai'anae
"Trifonovitch, Alex",46,PK,6010,180,RS SO,Punahou,"Honolulu,HI"
"Tuiasoa, Ryan",48,RB,5110,210,RS SR/TR,Punahou,"Kailua, HI"
"Tuiasosopo, Tyrus",33,DB,6040,180,RS FR,Issaquah HS,"Issaquah, Wash."
"Tuinei, Tumua",88,LB,5090,210,RS JR,Punahou,"Honolulu, HI"
"Tullis, Davine",30,WR,6010,195,SO,Ballard HS,"Seattle, Wash."
"Tupai, Elijah",56,OG,6040,315,RS SR,Cottonwood HS,"TAYLORSVILLE, UT"
"Tuulima, Taaga",63,DL,6020,280,RS FR,'Iolani School,"'Ewa Beach, Hawaii"
"Ulu-Perry Jr., Fred",64,OG,6020,305,RS SO/TR,Saint Louis,"Honolulu, Hawaii"
"Ursua, John",45,WR,5100,165,RS SO,Cedar City HS,"Kailua-Kona, Hawaii"
"Vanterpool, Micah",0,OL,6060,285,FR,Central,"Phoenix, Ariz."
"Wa'a, John",51,OG,6040,315,RS SR,Kahuku HS,"HAUULA, HI"
"Webb, Austin",73,OT,6080,310,RS SO,Highland Park,"Dallas,TX"
"Williams, Manly",49,DL,6020,220,RS SO,Farrington HS,"Honolulu, Hawaii"
"Williams Jr., Russell",44,OLB,6010,230,SR/TR,Laguna Creek,"Elk Grove,CA"
"Wilson, Zach",20,DB,5110,170,SO/TR,Upland HS,"Diamond Bar, Calif."
