Name,Number,Position,Height,Weight,Class,High School/JUCO,Hometown
"Adams, Kyle",52,LB,6000,220,SO/TR,JSerra Catholic,"Ladera Ranch, Calif."
"Armstrong, Trevion",5,WR,6030,210,RS FR,Trinity Episcopal,"Richmond, Va."
"Arnold, Austin",28,DB,6010,205,FR,Bishop Gorman,"Las Vegas, Nev."
"Arrington, A.J.",38,LB,6010,215,FR,Lone Peak,"Highland, Utah"
"Baber, Dameon",5,S,5110,180,JR,Palmdale HS,"Palmdale, Calif."
"Beach, Miles",85,TE,6040,240,RS FR,Los Gatos HS,"Los Gatos, Calif."
"Bowman, Morris",33,DB,6000,180,RS FR,Notre Dame HS,"Sherman Oaks, Calif."
"Brent, Justin",9,WR,6015,200,JR/TR,Speedway,"Speedway, Ind."
"Broady, Maliek",30,LB,5110,190,RS SO,Sierra Vista HS,"Las Vegas, Nev."
"Brown, Daniel",25,DB,5100,170,SO,Narbonne HS,"Harbor City, Calif."
"Brown, Nate",76,OL,6050,285,RS FR,Tracy HS,"Tracy, Calif."
"Burton-Hill, Carl",75,OL,6050,295,RS FR,Dixon HS,"Dixon, Calif."
"Calderara, Troy",97,PK,5100,168,FR,Folsom,"Folsom, Calif."
"Celis, Andrew",83,WR,5110,190,RS JR,Marin Catholic,"San Quentin,Ca"
"Choudja, Patrick",95,DE,6030,250,SR,Freedom HS,"Oakley, Calif."
"Christian, Dominic",11,DB,6010,200,RS SO,Hales Franciscan HS,"Chicago, Ill."
"Collons, Kori",44,DE,6050,225,RS SO,Jesuit HS,"Sacramento, Calif."
"Conaway, Quinton",35,P,6000,200,SO/TR,Edmond North,"Edmond, Okla."
"Cooks, Elijah",88,WR,6050,215,FR,Atascadero,"Atascadero, Calif."
"Corbett, Austin",73,OT,6040,300,SR,Reed,"Sparks, Nev."
"Cornwell, David",12,QB,6050,228,RS JR/TR,North,"Jones, Okla."
"Crandall, Tyler",36,DB,5110,190,RS SO,Folsom HS,"Folsom, Calif."
"Crumbie, Vosean",31,DB,6010,195,JR/TR,N/A,"Tallahassee, Fla."
"Cureton, Kaymen",8,QB,6020,205,FR,Leuzinger,"Lawndale, Calif."
"Dahn, Griffin",14,QB,6050,225,SO/TR,N/A,"Columbus, Ohio"
"Damanhoury, Ziad",77,OT,6060,310,JR,La Jolla Country Day,"San Diego, Calif."
"Davis, Gray",67,OL,6050,302,FR,Parish Episcopal,"Dallas, Texas"
"Davis, Jimbo",22,WR,5100,180,SR,Mount Si,"North Bend, Wash."
"Demps, Wyatt",19,WR,6040,200,SR,Pleasant Grove,"Elk Grove, Ca"
"Drahos, Jacob",61,DE,6020,220,RS FR,Carson HS,"Carson City, Nev."
"Edwards, Nathan",70,OL,6040,240,RS FR,Galena HS,"Reno, Nev."
"Farnsworth, Wes",42,LS,6020,230,JR,Bishop Monague HS,"Reno, Nev."
"Flannery, Colin",43,TE,6050,220,RS SO,George Ranch HS,"Richmond, Tex."
"Fossum, Kaleb",7,WR,5100,185,JR,El Toro,"Lake Forest, Calif."
"Gangi, Ty",6,QB,6020,205,JR/TR,St. Francis HS,"Glendale, Calif."
"Goodwin, Theo",80,WR,6010,182,FR,Christian,"San Diego, Calif."
"Grant, Zac",58,LS,6030,235,FR,Bishop Gorman,"Las Vegas, Nev."
"Green, Chris",54,DL,6020,265,FR,Los Angeles,"Los Angeles, Calif."
"Gregg, Nick",92,DL,6000,310,RS FR,Reed HS,"Sparks, Nev."
"Hall, Lawson",30,LB,6000,215,RS FR,Narbonne HS,"Harbor City, Calif."
"Hamilton, Isaiah",29,RB,5110,190,RS FR,Inderkum HS,"Sacramento, Calif."
"Hammond, Sam",69,OL,6050,220,RS FR,Yerington HS,"Yerington, Nev."
"Hankins, Anthony",46,DB,5100,175,JR/TR,North Valleys,"Reno, Nev."
"Henley, Daiyan",11,WR,6020,200,FR,Crenshaw,"Los Angeles, Calif."
"Howell, Kevin",16,DB,5100,180,RS FR,Thousand Oaks HS,"Thousand Oaks, Calif."
"Irby, Daq",12,DB,6010,190,RS FR,Samuel Morse HS,"San Diego, Calif."
"Jackson, Mar'Quette",14,LB,6000,202,FR,Dorsey,"Los Angeles, Calif."
"Johnson, Amir",63,OL,6020,265,FR,Bishop Gorman,"Las Vegas, Nev."
"Johnson, Daylon",19,DB,6010,170,RS FR,Oak Ridge HS,"Conroe, Texas"
"Johnson, Kendall",26,CB,6000,185,SR,St Thomas More,"Lafayette,La"
"Juarez, Hunter",81,WR,6000,177,FR,Marin Catholic,"Mill Valley, Calif."
"Kincaide, Jaxson",24,RB,5090,180,SO,St. Thomas Aquinas,"Fort Lauderdale, Fla."
"Krepsz, Sean",64,OG,6050,320,JR/TR,Martin Luther King,"Riverside, Calif."
"Kruskamp, David",37,DB,6000,180,RS JR,Milpitas,"Milpitas,Ca"
"Levins, Marshall",72,OL,6060,305,JR/TR,N/A,"Mansfield, Ohio"
"Lucas, Marcus",9,DB,5110,185,RS FR,McGill-Toolen Catholic HS,"Mobile, Ala."
"Mack, Ryan",17,DB,5100,180,RS SR/TR,Bufford HS,"Buford, Ga"
"Mannix, McLane",1,WR,5100,178,FR,Midland,"Midland, Texas"
"McDade, Jarius",78,DT,6020,320,SR/TR,N/A,"Seattle, Wash."
"Melcher, Tucker",82,WR,6010,200,SR,Galena,"Reno,Nev"
"Meyer, Kalei",91,DL,6010,285,RS JR,Kamehameha,"Waipahu,Hi"
"Moody, Elijah",18,CB,5110,175,RS JR,Long Beach Poly,"Long Beach,Ca"
"Moore, Kelton",23,RB,5110,210,RS SO,Juan Seguin HS,"Arlington, Texas"
"Morris, Speedy",87,WR,5080,160,FR,Desert Pines,"Las Vegas, Nev."
"Muhammad, Ahki",3,CB,5090,185,RS JR,James Logan,"Hayward,Ca"
"Muhammad, EJ",4,DB,5110,175,RS SO,DeSoto HS,"DeSoto, Tex."
"Neal, Roger",68,LB,5090,220,RS FR,Folsom,"Folsom, Calif."
"Nelson, Jake",71,OL,6050,275,JR/TR,San Juan Hills HS,"San Juan Capistrano, Calif."
"Neville , Reese",18,WR,5110,185,RS FR,Yerington HS,"Yerington, Nev."
"Newton, Thomas",66,OC,6010,265,SR,Arbor View,"Las Vegas, Nev."
"O'Leary-Orange, Brendan",17,WR,6040,205,RS SO,St. Joseph HS,"Toronto, Canada"
"Palomares, Anthony",62,OL,6040,290,JR/TR,N/A,"Victorville, Calif."
"Paulhus, Austin",50,LB,6010,230,RS SR/TR,Granite Bay HS,"Granite Bay, Calif."
"Peterson, Dominic",51,DT,6000,265,FR,Narbonne,"Harbor City, Calif."
"Pettit, Spencer",48,K,5090,170,RS SO,Glacier Peak HS,"Snohomish, Wash."
"Porter, Clifford",65,OL,6050,295,RS SO,Hug HS,"Reno, Nev."
"Porter, Devin",40,DB,6020,180,RS SO,Hug HS,"Reno, Nev."
"Porter, Dylan",60,OL,6060,305,FR,Elmira,"Elmira, Ore."
"Powe, D.J.",23,LB,6020,210,RS FR,El Cerrito HS,"El Cerrito, Calif."
"Price, Trevor",45,LB,5100,210,FR,Cedar Ridge,"Cedar Ridge, Texas"
"Reed, Malik",90,DE,6010,245,RS JR,Dothan HS,"Dothan, Alabama"
"Roberson, Reagan",61,LB,6010,240,FR,Douglas,"Gardnerville, Nev."
"Robins, Berdale",1,DB,5090,163,FR,Los Angeles,"Los Angeles, Calif."
"Rufus, Asauni",2,FS,6000,200,RS JR,Bakersfield,"Bakersfield,Ca"
"Rush, Korey",99,DE,6010,280,RS JR,East,"Salt Lake City, Utah"
"Sawyer, Jaden",8,DB,6000,195,SR,Bellarmine Prep,"San Jose, Calif."
"Scott, Brandon",86,TE,6030,240,RS JR,Yucaipa,"Yucaipa,Ca"
"Sekona, Hausia",96,DL,6010,275,RS SO,East HS,"Salt Lake City, Utah"
"Sewell, Gabe",7,LB,6000,230,RS SO,Desert Hills HS,"St. George, Utah"
"Sewell, Nephi",6,DB,6000,190,FR,Desert Hills,"St. George, Utah"
"Silva, Jordan",93,DE,6040,250,RS JR,Murrieta Valley,"Murrieta,Ca"
"Solano, Cristian",13,QB,6010,185,RS SO,San Fernando HS,"San Fernando, Calif."
"Spencer, Kevin",74,OL,6070,285,JR/TR,N/A,"Towson, Md."
"Tancreto, Alex",54,OL,6010,240,RS FR,Windsor HS,"Windsor, Calif."
"Thomas, Karson",98,LS,6030,220,FR,Wooster,"Reno, Nev."
"Thomas Jr., Ricky",39,DE,6010,235,RS SO,McQueen HS,"Reno, Nevada"
"Thompson, Brandon",16,WR,6020,195,RS JR,Christian Brothers,"Sacramento,Ca"
"Toomer, Kameron",47,LB,6030,235,RS FR,Palo Verde HS,"Las Vegas, Nev."
"Touray, Lamin",10,LB,6010,225,FR,Bishop Alemany,"Mission Hills, Calif."
"Weber, Lucas",24,LB,6010,225,RS JR,McQueen,"Reno,Nev"
"Wells, Trae",49,TE,6020,225,RS JR,Reed,"Sparks,Nev"
"Wilkinson, Sheldon",56,LB,6000,205,FR,Spring Creek,"Spring Creek, Nev."
"Williams, Tyson",15,WR,5100,190,FR,Dothan,"Dothan, Ala."
"Wilson, Travis",34,LB,6010,220,SR,Cedar Hill,"Cedar Hill, Texas"
"Windham, Chase",50,OL,66040,260,FR,Vista Murrieta,"Murrieta, Calif."
"Wright, Blake",33,RB,5100,200,RS JR,Edison,"Fresno,Ca"
