Name,Number,Position,Height,Weight,Class,High School/JUCO,Hometown
"Akinmoladun, Freedom",91,DE,6040,270,RS JR,Grandview,"Grandview, Mo."
"Alexander, Quayshon",30,LB,6030,240,RS FR,DePaul Catholic,"Prospect Park,NJ"
"Allen, Austin",0,TE,6080,210,FR,Aurora,"Aurora, Neb."
"Anderson, Avery",4,CB,6000,180,RS SO,Pine Creek /Colorado Springs,"Surprise, Ariz."
"Anderson, Fyn",75,DL,6030,275,RS SO,Southeast,"Lincoln, Neb."
"Armstrong, Isaac",98,PT,5110,200,RS SO,Southwest,"Lincoln,NE"
"Bando, Broc",73,OL,6050,295,FR,IMG Academy,"Lincoln, Neb."
"Barnett, Jalin",74,OL,6040,315,RS SO,Lawton HS,"Lawton, Okla."
"Barry, Mohamed",7,LB,6010,230,RS SO,Grayson HS,"Grayson, Ga."
"Blades, Elijah",0,DB,6020,170,FR,John Muir,"Pasadena, Calif."
"Bootle, Dicaprio",23,DB,5100,180,RS FR,Southridge,Miami.Fla
"Boryca, Alex",53,LB,6010,240,RS JR,Cozad,"Cozad, Neb."
"Bradley, Jaylin",0,RB,6000,180,FR,Bellevue West,"Bellevue, Neb."
"Brokop, Bryan",61,OL,6050,280,RS FR,Lincoln-Way West,"New Lenox,IL"
"Brown, Drew",34,PK,5100,200,SR,Southlake Carroll,"Southlake, Texas"
"Brugmann, Jared",51,LB,6020,230,RS SO,Gretna HS,"Gretna, Neb."
"Bryant, Tre",18,RB,5110,205,SO,Christian Brothers,"St Louis,Mo"
"Bunch, Andrew",16,QB,6010,200,SO/TR,Independence,"Thompson Stations, Tenn."
"Butler, Tony",2,DB,6020,215,RS FR,St Edward,"Lakewood,Oh"
"Chaffin, Ty",45,WR,6050,205,RS FR,Burwell,"Burwell,NE"
"Classen, Brett",80,WR,6020,205,SR/TR,Wayzata,"Medina, Minn."
"Cleveland, Brody",59,LB,6020,230,RS SO,Ogallala HS,"Ogallala, Neb."
"Connely, Thomas",26,LB,5110,225,RS JR,Kearny Catholic,"Kearney, Neb."
"Conrad, Cole",62,OL,6050,300,RS JR,Archbishop Bergan,"Fremont, Neb."
"Cox, Ethan",0,ATH,5110,175,FR,Blair,"Blair, Neb."
"Daniels, Damion",0,DT,6020,310,FR,Bishop Dunne,"Dallas, Texas"
"Darlington, Zack",2,QB,6020,200,RS JR,Apopka,"Apopka, Fla."
"Davis, Alex",22,DE,6050,255,RS SO,Dwyer HS,"Riviera Beach, Fla."
"Davis, Carlos",96,DT,6020,300,RS SO,Blue Springs HS,"Blue Springs, Mo."
"Davis, Khalil",94,DT,6020,290,RS SO,Blue Springs HS,"Blue Springs, Mo."
"Decker, Michael",79,OL,6040,300,RS SO,Norht HS,"Omaha, Neb."
"Dismuke, Marquel",19,DB,6020,195,RS FR,Calabasas,"Calabasas,CA"
"Domann, Marquel",13,DB,6010,200,SO,Pine Creek,"Colorado Springs,CO"
"Engelhaupt, David",83,TE,6030,235,RS FR,Norfolk Catholic,"Norfolk,NE"
"Evans, Erik",48,TE,6030,255,SR,Waverly,"Waverly, Neb."
"Farmer, Tanner",63,OG,6040,305,RS JR,Highland,"Highland, Ill."
"Farniok, Matt",71,OL,6060,310,RS FR,Washington,"Sioux Falls, SD"
"Ferguson, Tyrin",43,LB,6020,225,SO,Edna Karr HS,"New Orleans, La."
"Foster, Jerald",67,OG,6030,310,RS JR,Southeast,"Lincoln, Neb."
"Frahm, Cole",0,PK,6050,210,FR,Burke,"Omaha, Neb."
"Gates, Nick",68,OT,6050,290,RS JR,Bishop Gorman,"Las Vegas, Nev."
"Gaylord, Christian",65,OL,6060,295,RS SO,Baldwin City HS,"Baldwin City, Kan."
"Gebbia, Tristan",14,QB,6030,180,FR,Calabasas,"Calabasas, Calif."
"Gifford, Luke",12,ILB,6030,235,RS JR,Southeast,"Lincoln, Neb."
"Graham, Nolan",29,DB,5110,205,RS JR,Norris,"Firth, Neb."
"Hampton, Willie",0,LB,6010,225,FR,American Heritage,"Plantation, Fla."
"Hass, Tanner",32,RB,6000,200,RS FR,Guardian Angel,"West Point,NE"
"Hemphill, Austin",49,FB,5100,225,RS SO,Gretna HS,"Gretna, Neb."
"Hixson, Trent",0,OL,6040,260,FR,Skutt Catholic,"Omaha, Neb."
"Hohenstein, Branden",47,TE,6040,220,RS FR,Bishop Heelan,"Jackson,NE"
"Honas, Todd",43,WR,5110,195,RS FR,Aurora,"Aurora,NE"
"Hoppes, Tyler",88,TE,6040,245,SR/TR,Southwest,"Lincoln, Neb."
"Jackson, Damion",38,LB,6010,245,FR,Shadow Ridge,"Las Vegas, Nev."
"Jackson, Lamar",1,DB,6030,210,SO,Franklin,"Elk Grove,CA"
"Jaimes, Brenden",0,OL,6050,250,FR,Lake Travis,"Austin, Texas"
"Jarzynka, Matt",47,DE,6040,260,RS JR,Loup City,"Loup City, Neb."
"Jefferson, Pernell",32,LB,6020,235,RS FR,Warren Easton,"New Orleans,LA"
"Johnson Jr., Keyshawn",3,WR,6010,195,FR,Calabasas,"Calabasas, Calif."
"Jones, Chris",8,CB,6000,195,SR,Sandalwood,"Jacksonville, Fla."
"Jordan, Grant",40,LB,6020,205,RS FR,Westside,"Omaha,NE"
"Jordan, Spencer",36,FB,6020,205,RS FR,Westside,"Omaha,NE"
"Joseph, Boaz",11,DB,6010,200,SR,Cypress Bay,"Weston, Fla."
"Kalu, Joshua",10,NB,6010,195,SR,Alief Taylor,"Houstin, Texas"
"Karel, Reid",36,QB,6030,205,RS SO,Seward HS,"Seward, Neb."
"Ketter, Connor",89,TE,6050,245,SR,Norfolk Catholic,"Norfolk, Neb."
"King, Sedrick",17,DE,6040,250,RS JR,Plant City,"Plant City, Fla."
"Kitrell, Bo",30,FB,6010,240,RS JR,Ashland-Greenwood,"Ashland, Neb."
"Knevel, David",77,OT,6090,315,RS SR,Pauline Johnson Collegiate,"Brantford, Ontario, Canada"
"Lambert, Sean",24,RB,6000,210,RS FR,Fremont,"Fremont, Neb."
"Lee, Tanner",13,QB,6040,220,RS JR/TR,Jesuit,"Destehan,LA"
"Lee Jr, Eric",6,CB,6000,200,RS SO/TR,Valor Christian,"Milton, Mass."
"Lightbourn, Caleb",35,P/PK,6030,230,SO,Carnas,"Washougal,WA"
"Lindsey, Tyjon",0,WR,5090,160,FR,Bishop Gorman,"Corona, Calif."
"Lingenfelter, Ben",0,DL,6050,265,FR,Washington,"Cherokee, Iowa"
"Liske, Cody",0,LB,6000,200,FR,Bennington,"Bennington, Neb."
"Lopez, Joel",58,DT,6020,285,SR,Burlington Central,"Burlington, Ill."
"Marquez, Jose",41,DB,5100,195,FR,Crete,"Crete, Neb."
"Mazour, Wyatt",37,RB,5090,195,RS SO,Boone Ccentral,"Albion, Neb."
"McNitt, Luke",41,TE,6020,240,SR,Kearney,"Kearney, Neb."
"McQuitty, Jaevon",4,WR,6000,195,FR,Battle,"Columbia, Mo."
"Miles, Ben",0,FB,6010,210,FR,Catholic,"Baton Rouge, La."
"Miller, Collin",98,DE,6030,230,RS FR,Hamilton Southeastern,"Fishers,Ind"
"Miller, Hunter",0,OL,6050,275,FR,Cross County,"Stromsburg, Neb."
"Morgan Jr, Stanley",8,WR,6010,200,JR,St. Augustine,"New Orleans, La."
"Natter, A.J.",45,DE,6050,260,SR,Milton,"Milton, Wis."
"Neal, DaiShon",9,DE,6070,270,RS SO,Central HS,"Omaha, Neb."
"Newby, Marcus",3,OLB,6010,235,SR,Quince Orchard,"North Potomac, Md."
"Newell, Peyton",99,DT,6030,290,RS JR,Hiawatha,"Hiawatha, Kan."
"O'Brien, Patrick",12,QB,6040,230,RS FR,San Juan Hills,"San Juan Capistrano,CA"
"Ober, Jordan",54,LS,6010,225,JR,Bishop Gorman,"Las Vegas, Nev."
"Owen, Dylan",76,DL,6050,260,RS JR,Somers,"Westchester, N.Y."
"Ozigbo, Devine",22,RB,6000,230,JR,Sachse,"Sachse, Texas"
"Paup, Jordan",0,DL,6040,230,FR,Central City,"Central City, Neb."
"Pierson-El, De'Mornay",15,WR,5090,195,SR,West Potomac,"Alexandria, Va."
"Rafdal, Kurt",0,TE,6070,230,FR,Carmel,"Carmel, Ind."
"Rahn, Gabe",81,WR,6010,195,SR,LeMars,"LeMars, Iowa"
"Raridon, John",50,OL,6040,285,RS FR,Valley,"West Des Moines,IA"
"Reed, Antonio",16,DB,6020,220,JR/TR,Southhaven HS,"Memphis, Tenn."
"Reimers, Bryan",83,TE,6050,215,RS JR,Lincoln East,"Lincoln, Neb."
"Reynolds, Dylan",0,WR,6000,170,FR,Broken Bow,"Broken Bow, Neb."
"Robbins, Brandon",40,WR,5100,190,FR,Bellevue East,"Bellevue, Neb."
"Roberts, Avery",15,LB,6010,230,FR,Concord,"Wilmington, Del."
"Rose, Austin",23,IB,6010,230,RS JR,North Star,"Lincoln, Neb."
"Sichterman, Matt",0,OL,6050,270,FR,Kings,"Kings Mills, Ohio"
"Simmons, Greg",31,LB,6020,230,RS FR,Central,"Fort Pierce,FLA"
"Smith, Ne'Land",48,WR,6030,190,RS FR,Blue Springs,"Blue Springs, Mo."
"Snyder, Matt",85,TE,6050,250,RS SO,,"San Ramon, Calif."
"Spielman, JD",10,WR,5090,180,RS FR,Eden Prairie,"Eden Prairie,MN"
"Stille, Ben",95,DE,6050,245,RS FR,Ashland-Greenwood,"Ashland,NE"
"Stoll, Jack",86,TE,6040,250,RS FR,Regis Jesuit,"Lone Tree,Col"
"Stoltenberg, Mick",44,DT,6050,305,RS JR,Gretna,"Gretna, Neb."
"Stovall, Jeremiah",35,DB,5110,190,RS SO,Creighton Prep,"Omaha,NE"
"Sullivan, Eli",28,DB,6020,205,RS FR,Longmont,"Longmont,CO"
"Taylor, Adam",28,IB,6020,215,SR,Katy,"Katy, Texas"
"Thomas, Deontre",0,DT,6030,280,FR,Mustang,"Mustang, Okla."
"Thomas, Guy",0,DE,6030,200,FR,Booker T. Washington,"Miami, Fla."
"Urbach, Chase",92,LS,6030,200,RS SO,Grosse Pointe South,Grosse Pointe
"Walker, Chris",0,OL,6080,275,FR,East,"Lincoln, Neb."
"Walker, Jackson",90,P,6040,250,JR/TR,Blue Valley Northwest,"Overland Park, Kan."
"Ward, Andrew",0,LB,6010,200,FR,Muskegon,"Muskegon, Mich."
"Warner, Kade",0,WR,6010,200,FR,Desert Mountain,"Scottsdale, Ariz."
"Watts, Deiontae",0,DT,6030,300,FR,Plano East,"Plano, Texas"
"Weber, Chris",49,ILB,6030,240,SR,Elkhorn,"Omaha, Neb."
"Weinmaster, Jacob",57,LB,6000,215,RS SO,Loveland,"Loveland, Colo."
"Wilbon, Mikale",21,IB,5090,195,RS JR,De La Salle Institute,"Chicago, Ill."
"Williams, Aaron",24,S,5110,190,JR,Carver HS,"Atlanta, Ga."
"Williams, Keyan",9,WR,5100,200,JR/TR,Lusher,"New Orleans,LA"
"Williams, Kieron",26,S,6010,195,SR,CE Byrd/Air Force Prep,"Shreveport,LA"
"Wilson, Boe",56,OL,6030,295,RS FR,West,"Lee's Summit,MO"
"Young, Conor",31,WR,6020,180,RS SO,Cozad,"Cozad, Neb."
"Young, Dedrick",5,OLB,6010,230,JR,Centennial,"Peoria, Ariz."
