Name,Number,Position,Height,Weight,Class,High School/JUCO,Hometown
"Adams, Chad",21,SS,5090,188,SR,Allen,"Allen, Texas"
"Allen, Hunter",83,WR,5110,177,RS FR,Cathedral Catholic,"San Diego, Calif."
"Bailey, Quinn",59,OT,6050,307,RS JR,Higley,"Gilbert, Arizona"
"Ball, Marcus",31,LB,6020,223,RS SR,Westerville-South,"Westerville, Ohio"
"Ballage, Kalen",7,RB,6020,227,SR,Falcon,"Peyton, Colorado"
"Barnett, Blake",8,QB,6050,200,RS SO/TR,Santiago,"Corona, Calif."
"Bates, Jalen",96,DE,6040,260,RS SO,Kaplan,"Kaplan,LA"
"Benjamin, Eno",23,RB,5100,205,FR,Wylie East,"Wylie, Texas"
"Brimhall, Jacob",35,RB,5080,186,SR,Mountain View,"Mesa, Az"
"Bubak, Jared",81,TE,6040,244,RS FR,Lincoln Christian,"Lincoln, Neb."
"Cabral, Cohl",73,OT,6050,286,SO,Los Osos,"Rancho Cucamonga, Calif."
"Caldwell, Kordell",46,DB,5110,190,FR,Pearland,"Houston, Texas"
"Calhoun, D.J.",3,OLB,6000,228,SR,El Cerrito,"El Cerrito, CA"
"Chandler, Maurice",16,DB,6000,190,SR/TR,Lawton,"Lawton, Okla."
"Chatman, Terrell",21,WR,6030,188,RS SO,Central,"Baton Rouge,LA"
"Collins, Chaz",38,DB,5100,172,RS SO,Bishop Academy,"Mission Hills, Calif."
"Cornay, Darien",0,DB,5110,185,SO/TR,Los Alamitos,"Los Alamitos, Calif."
"Cosgrove, Mark",22,FB,5100,214,SR,Pennsville Memorial,"Mullica Hill, N.J."
"Cote, Cade",72,OG,6030,295,RS SO,Williams Field,"Gilbert,AZ"
"Cozens, Jesse",67,OL,6040,320,FR,N/A,"Tempe, Ariz."
"Crump, Koron",4,DL,6030,218,SR/TR,Cleveland NJROTC,"St. Louis, Mo."
"Darby, Frank",8,WR,6000,197,RS FR,Lincoln,"Jersey City, N.J."
"Davidson, D.J.",98,DL,6050,310,FR,Desert Ridge,"Mesa, Ariz."
"Dayries, Emanuel",93,DL,6030,308,RS JR,O. Perry Walker,"New Orleans, La."
"Drenon, Brycen",34,DB,6000,205,FR,Pearland,"Pearland, Texas"
"Fields, Evan",6,DB,6010,186,FR,Midwest City,"Oklahoma City, Okla."
"Forman, Shannon",44,DL,6010,300,FR,Southern Lab,"Baton Rouge, La."
"Fraboni, Mitchell",63,LS,6020,229,SR,Mountain Pointe,"Phoenix,AZ"
"Frederick, Langston",18,CB,5100,175,FR,Clear Springs,"League City, Texas"
"French, Cody",28,DB,5110,205,JR,Goddard,"Roswell, N.M."
"French-Love, Ceejhay",0,TE,6040,246,JR/TR,Long Beach Poly,"Long Beach, Calif."
"Gilbert, Trent",34,PK,6020,191,RS SO,Higley,"Gilbert, Ariz."
"Guignard, Deion",38,DB,6030,197,JR/TR,Trinity,"Euless, Texas"
"Harry, N'Keal",1,WR,6040,220,SO,Chandler,"Chandler, Ariz."
"Harvey, Jalen",82,WR,6010,195,RS JR,El Cerrito,"El Cerrito, CA"
"Higgins, Bailey",57,LB,6010,230,FR,Basha,"Chandler, Ariz."
"Higgins, Parker",53,LB,5110,218,RS FR,Kaiser,"Honolulu, Hawaii"
"Hill, Christian",94,DL,6050,285,SR/TR,Staley,"Kansas City, Mo."
"Hodges, Curtis",2,WR,6070,225,FR,Mountain View,"Mesa, Ariz."
"Hoyt, Jordan",55,DL,6020,275,RS JR/TR,Chandler,"Chandler, Ariz."
"Hudson, Tommy",87,TE-Y,6050,254,RS SO,Archbishop Mitty,"San Jose,CA"
"Humphrey, John",12,WR,5110,170,RS SO/TR,Clear Falls HS,"League City, Texas"
"Humphreys, Connor",54,OG,6030,290,RS JR,Central Catholic,"Portland, OR"
"Jackson, Gil'Scott",32,RB,5100,186,RS FR,Oaks Christian HS,"Westlake Village, Calif."
"Jarrell, K.J.",10,DB,6020,180,FR,Saguaro,"Scottsdale, Ariz."
"Jeffrey, Daniel",0,OL,6060,291,RS FR/TR,N/A,"Washington, D.C."
"Jenkins, Ryan",86,WR,5110,197,RS SR/TR,Lassiter,"Marietta, Ga."
"John, Riley",64,LS,5110,200,SO,Appleton East,"Appleton, Wis."
"Johnson, Tyler",87,DL,6040,245,FR,Highland,"Gilbert, Ariz."
"Jones, Sam",76,OT,6050,297,RS JR,ThunderRidge,"Highland Ranch, CO"
"Kelley, Ryan",14,QB,6040,190,FR,Basha,"Chandler, Ariz."
"Lamarche, Brandon",47,RB,5110,191,SO,Mater Dei,"Santa Ana, Calif."
"Latu, Alani",44,ILB,6020,254,RS SR,Rancho Cucamonga,"Rancho Cucamonga, Calif."
"Lawal, Malik",39,OLB,6010,215,RS SO,Chaparral,"Murrieta,CA"
"Lea, George",45,DT,6020,284,RS SO,Landry-Walker,"New Orleans,LA"
"Losoya, Alex",56,OL,6040,294,RS JR/TR,Mater Dei,"Santa Ana, Calif."
"Lucas, Chase",24,DB,6000,156,RS FR,Chandler,"Chandler, Ariz."
"McClure, Tyler",75,OC,6010,295,RS SR,Chandler,"Chandler,Az"
"McCollum, A.J.",65,OC,6010,305,SR/TR,Aloha,"Beaverton, Ore."
"McShanag, Caleb",43,DB,6000,176,RS FR,Northwest Christian,"Phoenix, Ariz."
"Miller, Steve",71,OG,6040,326,RS SO,Gilbert,"Gilbert,AZ"
"Nathe, Marshall",78,OG,6030,288,RS FR,Centennial,"Peoria, Ariz."
"Newsome, Ryan",17,WR,5080,166,RS SO/TR,Aledo,"Aledo,Texas"
"O'Brien, John",43,PK,6010,190,RS JR,New Braunfels,"New Braunfels, Texas."
"Ogas, Frank",48,LB,6010,244,RS SR,Morenci,"Morenci, AZ"
"Orr, Kareem",25,S,5110,198,JR,Notre Dame,"Chattanooga,TN"
"Otero, Alexander",84,TE,6040,265,SO/TR,N/A,"Blauvelt, N.Y."
"Perkins, Bryce",3,QB,6030,207,RS SO,Chandler,"Chandler,AZ"
"Perry, Alex",14,DB,5110,178,FR,Bishop Gorman,"Las Vegas, Nev."
"Perry, Armand",13,CB,6000,195,RS JR,Bishop Gorman,"Las Vegas, NV"
"Pokraka, Josh",82,TE,6000,235,JR,Kaiser,"Honolulu, Hawaii"
"Ralston, Nick",22,RB,6000,215,RS SO,Argyle,"Argyle,TX"
"Remo, Kyle",80,TE,6030,210,SO,Mahwah,"Mahwah, N.J."
"Rhodes, J'Marcus",17,DB,6000,207,SR/TR,West-Orange,"Orange, Texas"
"Richard, Demario",4,RB,5100,219,SR,Palmdale,"Palmdale, CA"
"Rising, Tyson",58,OT,6040,295,RS JR/TR,Buena,"Ventura, Calif."
"Robertson, Zach",51,OG,6050,325,RS SO,St. John Bosco,"Bellflower,CA"
"Rogers, Owen",35,S,6020,194,JR,Brophy,"Phoenix, Ariz."
"Ruiz, Brandon",1,PK,5100,165,FR,Williams Field,"Gilbert, Ariz."
"Russell, Jalen",48,DB,5110,176,RS FR,Vista Murrieta,"Murietta, Calif."
"Sam, Christian",2,WLB,6010,240,RS JR,Allen,"Allen, TX"
"Sanchez, Jonathan",68,OL,6030,264,FR,Westwood,"Mesa, Ariz."
"Sanders-Effiong, Daniel",85,WR,6000,190,FR,Rochester,"Chicago, Ill."
"Sleep-Dalton, Michael",36,P,6020,201,RS SO/TR,St. Joseph's College,"Geelong, Victoria, Australia"
"Smallwood, Tashon",90,DT,6000,274,SR,Central,"Fresno, CA"
"Smith, Cameron",6,WR,6000,203,RS SR,Coppell,"Coppell, Texas"
"Smith, Corey",55,DT,6050,305,RS SR,Perry Walker,"New Orleans, La."
"Smith, Jack",13,WR,6010,164,SO,Mountain Pointe,"Phoenix, Ariz."
"Smith, Jeremy",15,WR,6010,171,RS FR,Fort Bend Marshall,"Missouri City, Texas"
"Smith, Trelon",22,RB,5090,180,FR,Cy Ridge,"Houston, Texas"
"Smith, Trevon",0,DB,5100,184,JR/TR,Bellaire,"Houston, Texas"
"Soelle, Kyle",3,LB,6040,200,FR,Saguaro,"Scottsdale, Ariz."
"Stephens, Corey",74,OL,6030,280,FR,Saguaro,"Scottsdale, Ariz."
"Sterling-Cole, Dillon",15,QB,6030,191,SO,Westfield,"Houston, Texas"
"Subtyl, Dougladson",99,DL,6040,245,RS JR/TR,Flagler-Palm Coast,"Bunnell, Fla."
"Tate, Michael",70,OL,6030,280,RS FR,Higley,"Gilbert, Ariz."
"Tautalatasi, Dasmond",30,DB,6000,195,RS JR,De La Sale,"Concord, AZ"
"Taylor, Jacobi",22,DB,5110,180,SO/TR,N/A,"Buffalo, N.Y."
"Thomas, Khaylan",20,OLB,6010,228,RS SO,Etiwanda,"Etiwanda,CA"
"Thomas, Ty",26,S,5110,195,FR,Cooper,"Lubbock, Texas"
"Turner, Tre",24,RB,5090,191,RS FR,Holy Cross,"New Orleans, La."
"Walter, Mason",79,OT,6050,296,RS SO,Chaparral,"Temecula,CA"
"Walton, Mark",11,TE,6050,239,FR,Cibola,"Yuma, Ariz."
"Whiley, Tyler",23,WR,6000,210,RS JR,Chaparral,"Scottsdale, AZ"
"White, Brady",2,QB,6020,202,RS SO,William S.Hart,"Newhall,CA"
"Wicker, Joseph",1,DT,6030,263,JR,Long Beach Polytechnic,"Long Beach,CA"
"Wilkins, Manny",5,QB,6030,197,RS JR,Novato,CA
"Williams, Kyle",10,WR,5100,178,SO,Murrieta,"Murrieta, Calif."
"Wilson, Jay Jay",9,TE,6020,259,JR,Valencia,"Valencia,CA"
"Wren, Renell",95,DT,6050,297,RS JR,Lutheran,"St. Louis, MO"
