Name,Number,Position,Height,Weight,Class,High School/JUCO,Hometown
"Ah-Hoy, Kesi",0,ILB,6000,215,FR,Kahuku,"Kahuku, Hawaii"
"Allen, Quantino",0,WR,5110,200,FR,Glades Central,"Belle Glade, Fla."
"Arnold, Brandon",3,S,5110,204,SR,Crespi,"Los Angeles, Calif."
"Aydon, Elu",99,DT,6030,332,RS SO,Leone,"Leone, American Samoa"
"Bailey, Jaylynn",25,RB,5090,226,RS SR,South Salem/Southern Oregon,"Salem, OR"
"Baylor, Benjamin",0,RB,6000,190,FR,Wharton,"Wharton, Texas"
"Blount, Conor",12,QB,6010,194,SO,Waukesha West HS,"Waukesha, Wis."
"Bodden, Andre",86,WR,6000,181,RS SO,Cathedral HS,"Carson, Calif."
"Bowcut, Josh",0,OL,6060,290,FR,Sherwood,"Sherwood, Ore."
"Bradford, Trevon",19,WR,6000,183,SO,Oregon City HS,"Oregon City, Ore."
"Brandel, Blake",73,OL,6070,312,RS SO,Central Catholic,"Milwaukee, Ore."
"Bush, Jaelen",0,DE,6060,225,FR,Timberline,"Lacey, Wash."
"Carroll, Kameron",35,S,6030,206,JR/TR,Buena,"Ventura, Calif."
"Choukair, Jordan",46,PK,6010,193,RS SO,Poway,"Poway, Calif."
"Clarke, Onesimus",0,OG,6030,322,FR,Waianae,"Waianae, Hawaii"
"Collins, Seth",22,QB,6030,192,JR,Granite Hills,"San Diego, CA"
"Cordasco, Clay",0,OL,6060,330,JR/TR,Kennett,"Cornish, Maine"
"Cotton, TraJon",0,S,6010,185,FR,Inderkum,"Sacramento, Calif."
"Crawford, Xavier",22,CB,6010,188,RS SO,Pittsburg,"Pittsburg, CA"
"Curtius, Sam",78,OL,6050,314,SR,South Medford,"Medford, OR"
"DeLashmutt, Tyler",89,WR,6020,209,RS SO,Newberg HS,"Dundee, Ore."
"Delp, Kammy",51,OL,6030,328,RS JR,Diamond Ranch,"Pomona, CA"
"Demogerontas, Yanni",76,OL,6030,310,RS JR,Sandburg,"Orland Park, IL"
"Dennis-Lee, Kiahvé",45,OB,6010,215,RS FR,Oregon City HS,"Gresham, Ore."
"Dunn, Isaiah",0,CB,6000,175,FR,Antioch,"Antioch, Calif."
"Evans, Craig",0,DT,6030,330,JR/TR,Sun Prairie,"Sun Prairie, Wis."
"Failauga, Titus",93,DE,6030,252,SR,Pac-Five,"Waipahu, Hawai'i"
"Fifita, Miki",72,OL,6040,312,RS SO,IMG Academy,"Wailuku, Hawaii"
"Firth, Keegan",37,LS,6040,238,RS SO,Crescent Valley HS,"Corvallis, Ore."
"Flemings, Arex",0,WR,5060,150,FR,Cathedral,"Altadena, Calif."
"Garcia, Isaac",53,DE,6030,251,FR,Bellevue,"Bellevue, Wash."
"Gardner, Justin",0,CB,6010,170,FR,Shiloh,"Charlotte, N.C."
"Garretson, Darell",10,QB,6000,212,RS SR/TR,Chandler HS,"Chandler, Ariz."
"Grant, Jaydon",26,CB,6000,177,RS FR,West Linn HS,"West Linn, Ore."
"Greaves, Marcus",23,RB,6000,207,RS SR,Crook County,"Prineville, OR"
"Gregory, Jordan",29,S,5100,196,RS FR,Obra D. Tompkins HS,"Katy, Texas"
"Hawkins, Xavier",7,WR,5080,180,SR,Fulton,"Knoxville, TN"
"Hayes, Kaleb",0,CB,6000,175,FR,San Gorgonio,"San Bernardino, Calif."
"Hernandez, Timmy",18,WR,6000,197,JR/TR,Mountain Pointe HS,"Phoenix, Ariz."
"Hicks-Onu, Omar",10,S,6010,201,RS SO,Hebron HS,"Carrolton, Texas"
"Hodgins, Isaiah",7,WR,6040,209,FR,Berean Christian,"Oakley, Calif."
"Hopkins, Will",60,OL,6070,302,SR,Bowie,"Austin, Texas"
"Houston, Sumner",52,DT,6020,294,RS JR,De La Salle,"San Ramon, CA"
"Hughes-Murray, Andrzej",49,OLB,6020,240,SO,Federal Way,"Federal Way, Wash."
"Hungalu, Manase",55,ILB,6010,238,SR,Kealakehe,"Kailua-Kona, Hawai'i"
"Hunt, Hamilton",58,ILB,6000,227,RS SO,West Salem HS,"Salem, Ore."
"Iademarco, Andrew",61,OL,6030,296,RS SO,Corvalis HS,"Corvalis, Ore."
"Irvine, Jay",24,CB,6010,201,RS SO,Sandalwood HS,"Jacksonville, Fla."
"Janakes, Nick",46,ILB,6000,218,RS FR,North Medford,"Medford, Ore."
"Jarmon, Hunter",2,WR,5110,194,SR,Midway,"Waco, Texas"
"Katoa, Thor",56,DE,6020,270,RS SO,Pine View HS,"St. George, Utah"
"Kell, Drew",30,S,6010,198,RS JR,Crescent Valley,"Hilo, HI"
"Kelsey, Conner",57,LS,6000,227,RS JR,Carpinteria,"Carpinteria,CA"
"Keobounnam, Nous",69,OL,6020,314,RS FR,Centennial,"Portland, Ore."
"Lauina, Fred",64,OL,6040,324,SR,Tafuna,"Nuuuli, America Samoa"
"Lavaka, Gus",63,OL,6040,345,SO,Kearns HS,"Kearns, Utah"
"Laverty, Connor",80,WR,6020,168,RS FR,Westview HS,"Portland, Ore."
"Leonnig, Luke",51,ILB,6000,235,RS FR,Eagle HS,"Eagle, Idaho"
"Liuchan, Ricky",44,DE,6010,252,RS SO,Mission Hills,"San Marcos, CA"
"Luton, Jake",6,QB,6070,230,RS JR/TR,Marysville-Pilchunk,"Marysville, Wash."
"Mackay, Travis",0,OT,6060,270,FR,Central Catholic,"Portland, Ore."
"Manning Jr., Jeffrey",0,S,6010,195,FR,Cathedral,"Lakewood, Calif."
"Mattson, Hunter",30,RB,6000,198,RS FR,Corvallis HS,"Corvallis, Ore."
"McMaryion, Marcus",3,QB,6010,207,RS JR,Dinuba,"Dinuba, CA"
"Mengis, Chris",57,DT,6000,292,RS SO,Oregon City HS,"Portland, Ore."
"Moore, Jalen",33,S,6000,210,RS SO,Upland,"Denver, Colo."
"Moore, Trent",67,OL,6040,299,RS JR,Hamilton,"Chandler, AZ"
"Moran, Mason",15,QB,6030,193,RS FR,Chandler HS,"Gilbert, Ariz."
"Morris, David",0,S,6030,200,FR,Sherwood,"Sherwood, Ore."
"Nall, Ryan",34,FB,6020,239,RS JR,Central Catholic,"Sandy, OR"
"Napoleon, Phillip",90,DE,6040,294,SR/TR,Helix HS,"San Diego, Calif."
"Okonkwo, Charles",38,CB,6010,202,SR,Summit,"Fontana, Calif."
"Pace, Jordan",15,RB,5080,195,FR,Bartlett,"Anchorage, Alaska"
"Payne, Landry",13,S,6000,192,SR/TR,Mountain Pointe HS,"Phoenix, Ariz."
"Payne, Wesley",50,ILB,5100,222,SR/TR,Mountain Pointe HS,"Phoenix, Ariz."
"Pierce, Artavis",21,RB,5110,203,SO,Auburndale Senior,"Auburndale, Fla."
"Porebski, Nick",31,P,5100,197,RS SR/TR,McKinnon Secondary,"Melbourne, Australia"
"Pritchard, Baker",95,DE,6030,274,SR,Bingham,"South Jordan, UT"
"Rashed, Hamilcar",59,OLB,6040,233,RS FR,Cesar Chavez,"Laveen, Ariz."
"Robinett, Joah",94,OLB,6080,245,SO,San Marcos,"San Marco, Calif."
"Robinson, Emony",36,ILB,6010,227,FR,Gresham,"Gresham, Ore."
"Rodriguez, Daniel",39,PK,5100,206,RS SO,Foothill,"Pleasanton, Calif."
"Rutschman, Adley",87,PK,6010,211,SO,Sherwood HS,"Sherwood, Ore."
"Sattelmaier, Justin",75,OL,6070,319,RS SO/TR,Temecula Valley High,"Temecula, Calif."
"Savea, Paisa",92,DT,6040,292,SR/TR,Northridge,"Layton, Utah"
"Short, Aaron",0,WR,6000,200,JR/TR,Rodriguez,"Fairfield, Calif."
"Smith, Quinn",83,TE,6040,254,RS JR/TR,La Costa Canyon HS,"San Diego, Calif."
"Smith, Shemar",41,OLB,6010,232,SO,Jackson HS,"Miami, Fla."
"Soesman, Adam",43,OLB,6010,222,RS JR,Buchanan,"Clovis,CA"
"Standish, Zach",28,PK,5100,185,RS SO,Sam Barlow,"Marysville, WA"
"Taumoelau, Doug",42,ILB,6020,221,RS FR,Brighton,"Salt Lake City, Utah"
"Taylor, Kolby",5,WR,5110,195,FR,Chandler,"Chandler, Ariz."
"Togiai, Noah",81,TE,6040,246,JR,Hunter HS,"West Valley City, Utah"
"Tripp, Koby",85,WR,6010,183,RS SO,Mission Oaks HS,"Tulare, Calif."
"Turnier, Kenny",88,DE,6030,271,RS FR,Miami Central,"Miami, Fla."
"Tyler, Calvin",0,RB,5090,190,FR,Silsbee,"Beaumont, Texas"
"Ugwoegbu, Bright",47,OLB,6020,230,RS JR,Seven Lakes,"Katy, TX"
"Unutoa-Whitson, Shemiah",54,OLB,6020,240,SO,San Gorgonio,"San Bernardino, Calif."
"Vakameilalo, Kalani",97,DT,6030,317,RS JR,Kapolei,"Kapolei, HI"
"Villamin, Jordan",13,WR,6050,225,SR,Etiwanda,"Fontana, Calif."
"Walker, Tanner",84,WR,5100,182,RS SO,McNary HS,"Keizer, Ore."
"Wallace, Christian",29,CB,6010,221,RS FR,Sealy,"Sealy, Texas"
"Watson, Charles",0,S,6020,180,FR,Leilehua,"Wahiawa, Hawaii"
"Wellsfry, Brock",0,OG,6060,285,FR,Hanford,"Pasco, Wash."
"Whetzel, Kee",37,OLB,6030,213,RS FR,Countryside,"Clearwater, Fla."
"White, Kyle",27,RB,6000,198,SR/TR,Macon East Academy,"Montgomery, Ala."
"Willard, Aidan",0,QB,6020,185,FR,Justin-Siena,"Napa, Calif."
"Williams, Dwayne",4,CB,5090,184,RS JR,Shoemaker,"Kileen, TX"
"Williams, LaMone",96,DE,6030,284,RS JR,Kahuku,"Kahuku, HI"
"Willis, Jonathan",32,OLB,6010,231,RS JR,Booker T. Washington,"Tulsa, OK"
"Wilson, Shawn",28,CB,5090,185,RS SO,Pomona HS,"Pomona, Calif."
"Wily-Matagi, Tuli",82,TE,6040,259,RS SO,Kahuku HS,"Laie, Hawaii"
"Woodward, Reed",48,DE,6050,243,RS FR,Corbett HS,"Corbett, Ore."
"Yancy, Kieran",26,RB,5050,179,RS JR/TR,Chaminade Prep HS,"Pacoima, Calif."
