Name,Number,Position,Height,Weight,Class,High School/JUCO,Hometown
"Alsadek, Jacob",78,OG,6070,315,RS SR,Torrey Pines,"San Diego, Calif."
"Anderson III, Lee",51,LB,6010,235,SO,Rancho Verde HS,"Moreno Valley, Calif."
"Anduze, Brion",48,TE,6030,235,RS SO,Central Kitsap,"Silverdale,WA"
"Aragon, Matt",26,PT,6050,211,RS SO,Cienega,"Tucson,Az"
"Banda, Jack",92,DE,6030,247,RS SR,Grayson,"Grayson, Ga."
"Belknap, Justin",86,DE,6020,247,RS SO,Coronado HS,"Henderson, Nev."
"Bell, Xavier",0,S,6020,190,FR,Mater Dei,"Santa Ana, Calif."
"Benjamin, Zach",87,WR,6040,211,RS SR/TR,Tampa Catholic,"Tampa, Fla."
"Boettcher, Christian",69,OG,6020,285,RS JR,Desert Mountain HS,"Scottsdale, Ariz."
"Bogardus, Jordan",88,WR,6020,209,RS FR,Norco HS,"Eastvale, Calif."
"Brewer, Devon",23,CB,5100,171,RS SO,Milford Academy,"Fresno,CA"
"Brightwell, Gary",0,RB,5110,188,FR,St. Frances Academy,"Baltimore, Md."
"Brown, Joshua",0,ILB,6010,230,FR,Long Beach Poly,"Long Beach, Calif."
"Brown, Kurtis",0,DT,6030,285,FR,Liberty,"Bakersfield, Calif."
"Brown, Shun",6,WR,5080,175,JR,Calvary Baptist Academy,"Shreveport,LA"
"Bruno, Luca",60,DT,6040,295,RS SR,Oak Park,"Oak Park, Calif."
"Burke, Kyeler",40,S,5110,174,SO,Hamilton HS,"Chandler, Ariz."
"Burns, Lorenzo",2,CB,5100,165,RS FR,Linfield Christian School,"Temecula, Calif."
"Cain, Bryson",54,OT,6040,276,RS FR,Great Oak,"Temecula, Calif."
"Casteel, Brian",0,WR,6010,200,FR,Charter Oak,"Covina, Calif."
"Cloy Jr., Darrell",86,TE-H,6030,259,RS SO,Milford Academy,"La Habra,CA"
"Cobb, Jamardre",4,TE,6000,262,RS JR,Bishop Mora Salesian HS,"Los Angeles, Calif."
"Cochran, Jalen",81,OLB,6030,240,RS FR,Canton,"Canton, Mich."
"Colacion, Jacob",34,OLB,6010,210,RS FR,La Habra,"La Habra, Calif."
"Connolly, Finton",91,DT,6050,280,RS SO,Campo Verde,"Gilbert,AZ"
"Cooper, Devaughn",7,WR,5100,175,RS FR,Narbonne,"Harbor City, Calif."
"Cooper, Tristan",31,S,6010,180,SO,Andress,"El Paso, Texas"
"Creason, Cody",76,OT,6040,294,RS SO,Folsum,"Folsum,CA"
"Cruikshank, Dane",9,CB,6010,204,RS SR/TR,Ayala,"Chino Hills, Calif."
"Dawkins, Brandon",13,QB,6030,210,RS JR,Oaks Christian HS,"Oxnard, Calif."
"de Beer, Gerhard",67,OT,6070,314,RS SR,Afrikaanse Hoër Seunskool,"Pretoria, South Africa"
"Denson, Cam",3,WR,5110,187,SR,Salpointe Catholic,"Tucson,AZ"
"Dixon, Drew",0,WR,6040,195,FR,Sabino,"Tucson, Ariz."
"Eldrige, Nathan",64,OC,6030,290,RS SO,Boulder Creek,"Anthem,AZ"
"Eletise, Michael",75,OG,6030,318,RS FR,Kaiser,"Honolulu, Hawaii"
"Ellison, Tony",9,WR,5110,188,RS JR,Granite Bay HS,"Granite Bay, Calif."
"Fields II, Tony",0,OLB,6020,200,FR,Desert Pines,"Las Vegas, Nev."
"Flannigan-Fowles, Demetrius",12,S,6020,199,JR,Tucson,"Tucson,AZ"
"Friekh, Layth",58,OT,6050,282,SR,Centennial,"Glendale,Ca"
"Gilbert, Bryce",0,TE,6040,230,FR,Higley,"Gilbert, Ariz."
"Glatting, Jake",16,P,6030,206,RS JR,Thunderbird HS,"Phoenix, Ariz."
"Green, Albert",46,S,5100,207,RS SO,Sabino HS,"Tucson, Ariz."
"Green, Zach",34,RB,5100,227,RS SR,Saint Bonaventure(Calif),"Miami, Fla."
"Griffin, Marcus",96,DL,6030,292,RS JR,Bellevue HS,"Bellevue, Wash."
"Harris, Jalen",0,DE,6040,210,FR,Desert Ridge,"Mesa, Ariz."
"Havrisik, Lucas",0,K,6020,195,FR,Norco,"Norco, Calif."
"Hayes, Isaiah",21,S,6000,180,SO,Calabasas HS,"Calabasas, Calif."
"Holland, Malcolm",10,CB,5110,182,RS SO,Hamilton HS,"Chandler, Ariz."
"Holmes Jr., Darick",24,RB,5050,174,RS SO,Newbury Park,"Newbury Park,CA"
"Holt, Justin",50,DT,6020,314,RS FR,Salpointe Catholic,"Tucson, Ariz."
"Jacobs, Jon",53,OL,6040,298,RS FR,The Taft School,"Gainesville, Va."
"Jenkins, Jalen",36,S,5100,185,RS JR,Hamilton HS,"Gilbert, Ariz."
"Johnson, Gunther",16,QB,6000,187,RS FR,Boulder Creek HS,"Anthem, Ariz."
"Johnson, My-King",0,DE,6030,225,FR,Tempe,"Tempe, Ariz."
"Johnson, Tyrell",2,WR,5070,164,SR,Island,"Fort Myers, Fl."
"Kosinski, Alex",74,OT,6040,291,RS SO,Redwood,"Larkspur,CA"
"Laudenslager, Jake",32,RB,5100,195,RS FR,Marin Catholic HS,"Novato, Calif."
"Leon, Branden",38,RB,5080,195,RS SO,Estrella Foothills HS,"Goodyear, Ariz."
"Mariscal, Anthony",25,S,5100,195,RS SO,Liberty,"Bakersfield,CA"
"Mashack, Kwesi",15,CB,5080,206,SR,Vista Murrieta,"Inglewood, Calif."
"Mason, Joshua",83,WR,5110,170,RS FR,San Diego HS,"San Diego, Calif."
"McCall, Jarvis",29,S,6020,203,RS SR,Armwood,"Tampa, Fla."
"McCauley, Josh",50,OL,6030,266,RS FR,Red Mountain HS,"Mesa, Ariz."
"Medy, Kevin",45,WR,5050,152,RS FR,Abraham Lincoln,"Brooklyn, N.Y."
"Merritt, Richard",53,LB,6000,206,RS FR,Buchanan HS,"Clovis, Calif."
"Merrywell, Alex",97,K,5110,188,RS FR,Bishop Blanchet,"Seattle, Wash"
"Miller, DeAndre'",32,OLB,6030,236,RS SR,Buckeye Union,"Buckeye, Ariz."
"Morris, Peyton",48,S,6000,161,RS FR,Norco HS,"Norco, Calif."
"Morrison, Samuel",27,CB,5090,174,RS SO,Gonzaga College,"Washington,DC"
"Nelson, Francisco",39,LB,6020,231,RS FR,Kathleen,"Lakeland, Fla."
"Neves, Kahi",7,LB,6040,238,RS FR,Timpview HS,"Provo, Utah"
"Nunley, Jamie",85,TE,6050,228,RS FR,Vista Murrieta HS,"Murrieta, Calif."
"Pandy, Anthony",0,ILB,6020,230,FR,Narbonne,"Harbor City, Calif."
"Parks, Antonio",8,CB,5100,184,RS FR,East St. John HS,Reservem La.
"Peterson, Cedric",18,WR,5110,187,RS SO,Rancho Verde,"Moreno Valley,CA"
"Pitts, Lee",49,CB,5110,182,RS FR,Oaks Christian HS,"Agoura Hills, Calif."
"Poindexter, Shawn",80,WR,6050,210,RS SR/TR,Centennial,"Glendale, Ariz."
"Pollack, Josh",9,PK,5100,184,RS JR,Highland Park,"Highland Park,Ill"
"Ramirez, Jose",0,OLB,6030,209,FR,Auburndale,"Auburndale, Fla."
"Reid III, Thomas",40,WR,6020,189,RS FR,Radford,"Chesapeake, Va."
"Reinhardt, Nick",56,LS,6010,240,RS JR,Notre Dame Prep,"Scottsdale, Ariz."
"Reiter, Donald",51,LS,5100,254,RS FR,Brophy Prep,"Glendale, Ariz."
"Robertson, Gavin",5,S,6010,210,RS FR,Auburn Mountainview,"Auburn, Wash."
"Rodriguez, Rhett",0,QB,6010,190,FR,Catalina Foothills,"Tucson, Ariz."
"Rutt, Brandon",18,LB,6010,220,RS JR,Basha HS,"Gilbert, Ariz."
"Schooler, Colin",0,ILB,6020,225,FR,Mission Viejo,"Mission Viejo, Calif."
"Selenski, Corey",33,LB,6010,223,RS FR,J Serra HS,"Dana Point, Calif."
"Sherman, Harper",77,OL,6050,298,RS FR,New Westminster School,"New Westminster, B.C."
"Short, Rhedi",0,S,6010,175,FR,Cathedral,"Los Angeles, Calif."
"Steele, Isaac",41,CB,6010,178,RS FR,Centennial,"Peoria, Ariz."
"Strong , Isaiah",35,CB,6000,172,RS SR,Shadow Mountain HS,"Phoenix, Ariz."
"Tate, Khalil",14,QB,6020,212,SO,Junipero Serra HS,"Inglewood, Calif."
"Taufahema, Sione",0,DT,6030,310,JR/TR,Bishop Alemany,"Mission Hills, Calif."
"Taylor, J.J.",23,RB,5060,170,RS FR,Centennial,"Corona, Calif."
"Tharpe Jr., Larry",98,DT,6050,275,RS JR,Hebron,"Carrollton, Texas"
"Thomas, Matt",90,DL,6010,281,RS SO/TR,Mountain View,"Tucson, Ariz."
"Tilford, Nathan",0,RB,6010,205,FR,Colony,"Ontario, Calif."
"Tyler, Tre",58,LB,5110,210,RS JR,Highland,"Gilbert, Ariz."
"Ulloa, Chacho",20,S,5110,201,SO,Centennial,"Corona, Calif."
"Vaughn, Carrington",28,LB,5110,214,RS SO,Fox Chapel,"Pittsburgh, Pa."
"Walker, Keenan",63,OL,6050,283,RS FR,Chaparral HS,"Scottsdale, Ariz."
"Wallace, Tony",0,CB,5100,180,FR,Desert Pines,"Las Vegas, Nev."
"Walllace, Jarrius",3,S,6010,168,RS FR,John Ehret HS,"Marrero, La."
"Walton, Levi",55,OC,6030,290,RS JR,Ida S. Baker Hs,"North Fort Myers, Fla."
"Werlinger, Zach",19,QB,6010,188,RS JR,Basha HS,"Chandler, Ariz."
"Whittaker, Jace",17,CB,5110,180,JR,Oceanside,"Oceanside,CA"
"Wilborn, Kylan",0,OLB,6010,125,FR,Notre Dame,"Sherman Oaks, Calif."
"Wilson, Nick",28,RB,5100,208,SR,Central,"Fresno,CA"
"Wilson, Q'uole",89,WR,5060,15,RS SO,Central,"Fresno, Calif."
"Wolma, Bryce",0,TE,6040,230,FR,Saline,"Saline, Mich."
"Wood, Trevor",8,TE,6060,265,RS JR,Chaparral,"Scottsdale, Ariz."
"Young, Scott",0,S,6000,190,FR,Helix,"La Mesa, Calif."
"Young, Troy",0,S,6010,192,FR,Mobile Christian,"Mobile, Ala."
"Zellers, Parker",93,NT,6010,248,RS SR,Notre Dame Prep,"Scottsdale, Ariz."
