Name,Number,Position,Height,Weight,Class,High School/JUCO,Hometown
"Akingbulu, Alex",74,OT,6050,280,RS FR,Narbonne,"Harbor City, Calif."
"Alloway, Damian",24,WR,5090,175,RS FR,Summit HS,"Fontana, Calif."
"Alves, Michael",55,OG,6050,315,RS FR,St. Augustine,"San Diego, Calif."
"Andrews, Darren",7,WR,5100,195,RS SR,Bishop Amat,"Phillips Ranch, CA"
"Andrus, Martin",0,DL,6020,300,FR,Los Angeles Senior,"Long Beach, Calif."
"Asiasi, Devin",86,TE,6030,287,SO/TR,De La Salle,"Concord, Calif."
"Baker, Jason",26,DB,6000,185,RS SO,Loyola,"Los Angeles, Calif."
"Barnes, Krys",14,ILB,6020,250,SO,Liberty,"Bakersfield, Calif."
"Bateman, Zach",59,OL,6060,310,RS SR/TR,Estancia,"Santa Ana, Calif."
"Bedi, Jaypal",70,DL,600,280,RS JR/TR,Moorpark,"Moorpark, Calif."
"Bennett, Alvoid",26,WR,5080,165,RS FR,Bishop Diego,"Santa Barbara, Calif."
"Boyer, Makus",51,OL,6010,300,SR/TR,Edison,"Huntington Beach, Calif."
"Brandt, Breland",55,LB,6040,230,RS FR,Windward,"Carson, Calif."
"Burton, Austin",12,QB,6030,203,FR,West Orange,"Newton, Mass."
"Burton, Brandon",3,S,6000,200,SO,Junipero Serra,"Gardena, Calif."
"Burton, Jake",73,OL,6050,280,SO,Granite Hills,"El Cajon, Calif."
"Byrge, Zachary",30,RB,5070,210,RS SO,Verbum Dei HS,"Los Angeles, Calif."
"Chambers, Josh",40,LB,600,210,RS FR,Windward School,"Los Angeles, Calif."
"Cuevas, Xan",27,WR,5110,215,RS JR/TR,Culver City,"Culver City, Calif."
"Dellibovi, Nolan",53,OL,6030,275,RS FR,Westlake,"Simi Valley, Calif."
"Demski, Clayton",68,OL,6020,275,RS FR,Marin Catholic,"Larkspur, Calif."
"Den Bleyker, Johnny",30,LS,5110,200,SO,Moreau Catholic,"Hayward, Calif."
"Dickerson, Matt",99,DE,6040,295,SR,Serra,"San Mateo,Ca"
"Felton, Demetric",10,WR,5100,185,RS FR,Great Oak,"Temecula, Calif."
"Fernea, Ethan",39,WR,5110,185,SO,Dripping Springs,"Dripping Springs, Texas"
"Fisher, Denzel",25,DB,6010,180,RS JR,Centennial,"Los Angeles, Calif."
"Flintoft, Stefan",20,PK,6030,200,RS JR,Loyola,"Westchester,CA"
"Gates, Elijah",0,DB,5110,170,FR,Buena Park,"Pasadena, Calif."
"Gentosi, Giovanni",45,TE,6020,250,RS JR,Corona del Mar,"Newport Beach, Calif."
"Holiday, DeChaun",17,CB,6020,225,RS SO,Mission Hills,"San Marcos,CA"
"Holmes, Darnay",1,DB,5100,195,FR,Calabasas,"Pasadena, Calif."
"Howard, Theo",14,WR,6000,180,SO,Westlake,"Thousand Oaks, Calif."
"Isibor, Igbinoghodua",0,DL,6040,235,FR,St. Mary's,"Phoenix, Ariz."
"Jaggers, Jimmy",89,TE,6040,240,FR,Roseville,"Roseville, Calif."
"Jamabo, Soso",1,RB,6020,215,JR,Plano West,"Plano,TX"
"James, Andre",75,OT,6040,305,RS SO,Herriman,"Herriman,UT"
"Johnson, John",7,S,5090,185,RS SR,Central,"Fresno, Calif"
"Johnson, Mossi",21,WR,6000,195,SR,Crenshaw,"Los Angeles, Calif"
"Johnson, Rahyme",0,LB,6040,210,FR,Bishop Mora Salesian,"Los Angeles, Calif."
"Johnson, Stephen",6,WR,5110,195,RS SO,San Leandro,"San Leandro,CA"
"Juarez, Mique",32,LB,6020,255,RS FR,North Torrance,"Torrance, Calif."
"Kent, Austin",92,P,6010,220,SO,Providence,"Charlotte, N.C."
"Lacy, Kenny",76,OG,6040,305,RS SR,Mountain Pointe,"Phoenix, AZ"
"Lake, Quentin",0,DB,6010,180,FR,Mater Dei,"Santa Ana, Calif."
"Lasley, Jordan",2,REC,6010,205,RS JR,Serra,"Compton, Calif."
"Lee, Dymond",9,QB,6020,190,RS FR,Chaminade,"West Hills, Calif."
"Lockett, Will",23,CB,5110,195,RS SO,Manvel,"Manvel,TX"
"Lucier-South, Keisean",11,DE,6040,240,RS SO,Orange Luthern,"Orange, CA"
"Lynch, Matt",15,QB,6040,218,RS FR,Legacy,"Broomfield, Colo."
"Mapes, Michael",39,DB,5090,180,RS FR,Harvard Westlake,"Los Angeles, Calif."
"Massington, Eldridge",82,WR,6020,212,RS SR,West Mesquite,"Mesquite, TX"
"McClure, Will",31,WR,5080,185,RS JR/TR,Folsom,"Folsom, Calif."
"Meadors, Nate",22,DB,5110,195,JR,San Gorgonio,"San Bernardino, Calif."
"Miller, Kolton",77,OL,6080,310,RS JR,Roseville,"Roseville, Calif."
"Moala, Poasi",71,OT,6040,305,RS SR,Rancho Verde,"Moreno Valley, CA"
"Modster, Devon",18,QB,6020,220,RS FR,Tesoro,"Rancho Santa Margarita, Calif."
"Molson, J.J.",17,K,6000,210,SO,John Abbott College,"Montreal, Que."
"Moore, Marcus",95,DE,6020,265,RS FR,Crespi,"Encino, Calif."
"Muhammad, Kahlil",28,RB,5070,185,RS SO,Rancho Cucamonga,"Rancho Cucamonga, Calif."
"Myers, Craig",19,QB,5110,185,RS JR,Claremont,"Claremont, Calif."
"Nnoruka, Chigozie",93,DL,6020,300,RS SO/TR,Kennedy,"Sacramento, Calif."
"Odighizuwa, Osa",92,DT,6020,285,RS FR,Douglas,"Portland, Ore."
"Olorunfunmi, Bolu",4,RB,5100,220,JR,Clovis North,"Clovis,CA"
"Omotosho, Audie",11,WR,6020,200,RS FR,Plano East,"Planto, Texas"
"Osling III, Morrell",0,DB,6020,185,FR,Antelope Valley,"Lancaster, Calif."
"Pabico, Christian",27,REC,6000,190,RS JR,Long Beach Poly.,"Long Beach, Calif."
"Perez, Francisco",65,OG,6040,305,RS FR,Baldwin Park,"Baldwin Park, Calif."
"Phillips, Jaelan",15,DL,6050,255,FR,Redlands East Valley,"Redlands, Calif."
"Pickett, Adarius",6,S,5110,200,RS JR,El Cerrito,"El Cerrito, Calif."
"Pierson, Crawford",99,PK,5090,170,RS FR,Westlake,"Westlake Village, Calif."
"Polamalu, Tre",27,DB,6000,185,FR,St. Francis,"La Canada, Calif."
"Quessenberry, Scott",52,OC/OG,6040,315,RS SR,La Costa Canyon,"La Costa, CA"
"Rassool, Alex",85,TE,6030,235,RS JR,West Ranch,"Stevenson Ranch, Calif."
"Ray, Kanan",0,OL,6040,275,FR,Sierra Canyon,"Chatsworth, Calif."
"Riley, Keyon",28,S,6000,195,RS FR,Servite,"Anaheim, Calif."
"Rittman, Justin",40,FB,6010,245,RS JR,Palo Alto,"Stanford, Calif."
"Roberts, Austin",88,TE,6020,230,RS JR,Carmel,"Hollywood, Fla."
"Robinson-Carr, Moses",0,TE,6050,260,FR,Antelope Valley,"Lancaster, Calif."
"Rogers, Greg",0,DL,6030,305,FR,Arbor View,"Las Vegas, Nev."
"Rosen, Josh",3,QB,6040,220,JR,St. John Bosco,"Bellflower,CA"
"Saleh, Justin",25,QB,6020,185,RS FR,Flint Hill,"Vienna, Va."
"Samuel, Colin",10,CB,6030,200,RS SO,Long Beach Polytechnic,"Long Beach,CA"
"Seawards, Sean",0,OL,6040,325,FR,Saguaro,"Scottsdale, Ariz."
"Shaw, Jaylan",0,DB,5110,170,FR,Centennial,"Corona, Calif."
"Shojima, Gyo",58,OL,6030,290,RS SR,Nishi,"Redondo Beach, Calif."
"Smith, Trae",11,WR,6020,195,RS JR/TR,Birmingham,"Los Angeles, Calif."
"Sochowski, Brad",29,WR,5100,190,RS JR,Mission Hills,"San Marcos, Calif."
"Spencer, Octavius",18,WR,5110,185,JR,Monrovia,"Monrovia,CA"
"Starks, Jalen",32,RB,6000,250,SO,Crespi,"Encino, Calif."
"Starks, Nate",23,RB,5110,212,SR,Cherry Creek,"Las Vegas, Nev."
"Stephens, Brandon",20,RB,6010,210,SO,Plano,"Plano, Texas"
"Strauch, Andrew",15,K,5110,180,RS SO,Piedmont,"Piedmont, Calif."
"Sweeney, Zack",0,OL,6030,275,FR,St. Thomas Aquinas,"Fort Lauderdale, Fla."
"Tagaloa, Boss",75,DT,6020,310,SO,De La Salle,"Concord, Calif."
"Taua, Ainuu",35,DL,5110,295,RS JR,Lompoc,"Lompoc, Calif."
"Terry, Nick",94,DL,6030,295,RS SR/TR,Pleasant Grove,"Elk Grove, Calif."
"Toailoa, Leni",20,DB,6010,230,RS FR,Carter,"Rialto, Calif."
"Toailoa, Lokeni",52,LB,6020,255,SO,Carter,"Rialto, Calif."
"Toran, Najee",69,DL,6020,305,RS SR,North Store,"Houston, Texas"
"Tuioti-Mariner, Jacob",91,DL,6020,285,SR,St. John Bosco,"Corona, Calif."
"Van Dyke, Alex",83,WR,6040,225,SR,Cosumnes Oaks,"Elk Grove, Calif."
"Wacaser, Jax",0,OL,6050,260,FR,Saguaro,"Scottsdale, Ariz."
"Wade, Rick",90,DE,6060,280,RS SO,Santa Margarita,"Rancho Santa Margarita,CA"
"Wadood, Jaleel",4,S,5090,185,SR,St John Bosco,"Los Angeles,Ca"
"Walsh, Koby",58,LS,5100,210,SO,Notre Dame,"Los Angeles, Calif."
"Wariboko-Alali, Joshua",56,OG,6020,295,RS SO,Casady,"Oklahoma City,OK"
"Williams, Donovan",46,LB,5110,225,FR,Los Osos,"Rancho Cucamonga, Calif."
"Wilson, Caleb",81,TE,6040,235,RS SO,Serra,"Dallas, Texas"
"Wilson, Jordan",87,TE,6040,245,RS FR,Montgomery Bell Academy,"Nashville, Tenn"
"Woods, Josh",19,OLB,6020,240,JR,Upland,"Upland, Calif."
"Young, Kenny",42,ILB,6010,240,SR,John Curtis,"New Orleans,La"
"Zabie', Stephan",0,OL,6060,290,FR,Westlake,"Austin, Texas"
