Name,Number,Position,Height,Weight,Class,High School/JUCO,Hometown
"Aiello, Brady",66,OL,6070,302,RS SO,Acalanes HS,"Lafayette, Calif."
"Alie, Taylor",12,QB,6000,185,RS SR,Sheldon,"Eugene, Ore."
"Amadi, Ugo",14,CB,5100,195,JR,Overton,"Nashville, TN"
"Apelu, Kaulana",39,LB,5110,210,JR,Honolulu,"Aiea, Hawaii"
"Aumavae, Popo",0,OL,6040,315,FR,St. Mary's,"Stockton, Calif."
"Baker, Gary",51,DL,6040,306,RS SO,Upland HS,"Upland, Calif."
"Bathke, Logan",60,OL,6060,292,RS FR,Lutheran HS,"Orange, Calif."
"Bay, Ryan",39,TE,6040,229,RS SO,Tigard HS,"Tigard, Ore."
"Benoit, Kani",29,RB,6010,211,RS SR,Phoenix Thunderbird,"Phoenix, AZ"
"Berggren, Connor",80,WR,6020,188,RS FR,West Linn,"West Linn, Ore."
"Breeland, Jacob",27,TE,6050,237,RS SO,Trabuco Hills HS,"Mission Viejo, Calif."
"Breeze, Brady",25,DB,6010,200,RS FR,Central Catholic HS,"Portland, Ore."
"Brennan, Drake",95,DL,6070,252,RS SO,Grants Pass,"Grants Pass, Ore."
"Brenner, Doug",57,OC/OG,6020,321,RS SR,Jesuit,"Portland, Ore."
"Brooks-James, Tony",20,RB,5090,185,RS JR,Gainesville,"Gainesville, FL"
"Buckner, Kyle",86,WR,6030,186,RS SO,Roosevelt,"Eastvale, Calif."
"Burch, Demetri",0,ATH,5110,181,FR,Apopka,"Apopka, Fla."
"Burmeister, Braxton",17,QB,6010,205,FR,La Jolla Country Day,"La Jolla, Calif."
"Capra, Jacob",71,OL,6050,306,RS FR,Placer HS,"Auburn, Calif."
"Carew, Tanner",58,LS,6020,240,SR,Damien,"Chino Hills,CA"
"Carlberg, Drayton",90,DL,6050,291,RS SO,DeLaSalle HS,"Minneapolis, Minn."
"Cobb, Alfonso",30,WR,N/A,N/A,RS FRR,Federal Hocking,"Chesterhill, Ohio"
"Crosby, Tyrell",73,OG,6050,320,SR,Green Valley,"Henderson, NV"
"Cumberlander, Gus",45,DL,6060,255,RS SO,Cedar Grove HS,"Ellenwood, Ga."
"Daltoso, Valentino",61,OL,6040,315,RS FR,Boise,"Boise, Idaho"
"Davis, Daewood",0,WR,6020,175,FR,Deerfield Beach,"Hollywood, Fla."
"Dye, Troy",35,LB,6040,225,SO,Norco HS,"Norco, Calif."
"Emerson, Zach",40,PK,6020,216,RS FR,Mountain View,"Bend, Ore."
"Eugenio, Casey",82,WR,5080,170,RS JR,JSerra Catholic,"San Clemente, CA"
"Faoliu, Austin",0,DL,6030,285,FR,Mater Dei,"Santa Ana, Calif."
"Faulhaber, Ivan",37,LB,6020,220,RS SR,Sheldon,"Eugene, Ore."
"Felix, Darrian",0,RB,5110,194,FR,Fort Myers,"Fort Myers, Fla."
"Forsyth, Alex",0,OL,6050,310,FR,West Linn,"West Linn, Ore."
"Freeman, Royce",21,RB,5110,231,SR,Imperial,"Imperial, CA"
"George, Elijah",74,OL,6050,288,RS SR,Arbor View,"Las Vegas, Nev."
"Gibson, Billy",28,S,6010,174,FR,Miami Southridge,"Hialeah, Fla."
"Graham Jr., Thomas",11,CB,5110,188,FR,Rancho Cucamonga,"Rancho Cucamonga, Calif."
"Greene, Riley",59,DL,6030,294,RS FR,Gladstone,"Gladstone, Ore."
"Griffin, Taj",24,RB,5100,175,JR,McEachern,"Powder Springs, GA"
"Griffin, Ty",10,QB,6000,200,RS SR,Georgia Tech,"Powder Springs, GA"
"Habibi-Likio, Cyrus",0,ATH,6010,211,FR,St. Francis,"Mountain View, Calif."
"Hanson, Jake",55,OL,6050,307,RS SO,Eureka,"Eureka, Calif."
"Herbert, Justin",10,QB,6060,225,SO,Sheldon HS,"Eugene, Ore."
"Hollins, Justin",11,DL,6060,237,RS JR,Martin,"Arlington, TX"
"Hotchkins, A.J.",55,LB,5110,230,SR/TR,Tigard HS,"Portland, Ore."
"Jelks, Jalen",97,DL,6060,252,RS JR,Desert Vista,"Phoenix, AZ"
"Johnson III, Johnny",0,WR,6000,194,FR,Chandler,"Chandler, Ariz."
"Jonsen, Travis",11,QB,6030,200,RS SO,Servite,"Anaheim, CA"
"Judson, Bruce",0,ATH,5090,203,FR,Cocoa,"Cocoa, Fla."
"Kampmoyer, Hunter",48,DL,6040,270,RS FR,Bishop Union HS,"Bishop, Calif."
"Kane, Dylan",16,WR,6030,193,RS SO,Kamehameha HS,"Honolulu, Hawaii"
"Killpatrick, Sean",31,CB,5110,197,RS SO,St. Pius X,"Pearland, Texas"
"Kurahara, Jordan",98,DL,6080,265,RS JR,Sherwood,"Sherwood, OR"
"Langraf, Charlie",64,OL,6020,286,RS SO,Hotchkiss,"Lakeville, Conn."
"Leiato, Fotu",19,S,6010,200,JR,Steilacoom,"Steilacoom, Wash."
"Lemieux, Shane",68,OL,6060,316,RS SO,West Valley HS,"Yakima, Wash."
"Lenoir, Deommodore",0,S,5110,183,FR,Salesian,"Los Angeles, Calif."
"Lovette, Malik",23,WR,5110,205,RS SO,Redlands East Valley HS,"Redlands, Calif."
"Maday, Chayce",28,WR,5110,180,RS SO,Corning,"Corning, CA"
"Maimone, Blake",42,P,6060,227,RS SO,N/A,"Thousand Oaks, Calif."
"Manu, Rex",47,DL,6030,316,JR,Mililani HS,"Mililani, Hawaii"
"Mariota, Matt",44,TE,6020,225,RS SO,Saint Louis,"Honolulu, Hawaii"
"Mattingly, Danny",46,ILB,6050,235,RS SR,Mead,"Spokane, Wash"
"McCormick, Cam",84,TE,6050,241,RS FR,Summit HS,"Bend, Ore."
"McGraw, Mattrell",27,S,5100,179,RS JR,John Curtis,"New Orleans, LA"
"McNeal, Darrian",89,WR,5090,160,FR,Armwood,"Seffner, Fla."
"Melendez, Devin",66,LS,6020,207,SR,La Habra,"La Habra, CA"
"Mitchell, Dillon",13,WR,6010,195,SO,White Station HS,"Memphis, Tenn."
"Moi, Jonah",42,LB,6040,240,RS SR/TR,Citrus Valley HS,"Redlands, Calif."
"Mondeaux, Henry",92,DL,6050,288,SR,Jesuit,"Portland, OR"
"Moore, George",0,OL,6070,308,SO/TR,Deer Valley,"Antioch, Calif."
"Myers, Dexter",33,CB,6010,188,RS FR,Maranatha,"Pasadena, Calif."
"Nelson, Charles",18,WR,5080,177,SR,Seabreeze,"Daytona Beach, FL"
"Niu, Sampson",0,ILB,6010,217,FR,Madison,"San Diego, Calif."
"Ofodile, Alex",83,WR,6030,211,RS SO,Rock Bridge,"Columbia, MO"
"Okun, Zach",75,OL,6040,337,RS SO,Newbury Park,"Newbury Park, CA"
"Oliver, Khalil",26,FS,6000,210,RS JR,Rocky Mountain,"Meridian, ID"
"Pagano, Scott",0,DT,6030,295,RS SR/TR,Moanalua HS,"Honolulu, Hawaii"
"Peleti-Gore, Pou",29,S,5110,212,RS JR/TR,Rancho Cotate,"Rohnert Park, Calif."
"Pickett, Nick",0,S,6010,187,FR,Salesian,"Los Angeles, Calif."
"Pisarcik, Jake",76,OG,6020,300,RS SR,Shawnee,"Medford, N.J."
"Poutasi, Samuel",72,OL,6040,319,RS FR,Desert Pines HS,"Las Vegas, Nev."
"Redd, Jaylon",0,WR,5090,180,FR,Rancho Cucamonga,"Rancho Cucamonga, Calif."
"Reitmaier, Rutger",94,DT,6030,281,FR,Lipscomb Academy,"Nashville, Tenn."
"Robinson, Tyree",21,FS/CB,6040,199,RS SR,Lincoln,"San Diego, Calif."
"Rugraff, Blake",53,LB,6020,223,RS SO,St. Charles West HS,"St. Charles, Mo."
"Schneider, Aidan",41,PK,6040,240,SR,Grant,"Portland, OR"
"Schooler, Brenden",43,S,6020,197,SO,Mission Viejo,"Dana Point, Calif."
"Scott, Jordon",34,DL,6010,335,FR,Pinellas Park,"Largo, Fla."
"Shear, Cody",0,OL,6040,285,FR,Sheldon,"Eugene, Ore."
"Simms, Keith",24,LB,6030,244,SO,Landon HS,"Bethesda, Md."
"Slade-Matautia, Isaac",0,ILB,6010,206,FR,St. Louis,"Honolulu, Hawaii"
"Springs, Arrion",13,CB,5110,205,SR,Roosevelt,"San Antonio, TX"
"Stack, Adam",96,K,6020,178,FR,Kamehameha,"Honolulu, Hawaii"
"Stewart, Jihree",22,CB,6000,182,RS SO,Centennial HS,"Corona, Calif."
"Stinson, Taylor",40,TE,6050,246,RS JR,Clackamas,"Happy Valley, OR"
"Swain, Jimmie",18,LB,6020,243,SR,Olathe,"Olathe, KS"
"Throckmorton, Calvin",54,OL,6060,310,RS SO,Newport HS,"Bellevue, Wash."
"Verdell, C.J.",0,RB,5090,195,FR,Mater Dei Catholic,"Chula Vista, Calif."
"Voeller, Evan",79,OL,6050,298,RS SR,West Linn,"West Linn, Ore."
"Walker, Jalontae",97,TE,6020,238,RS FR,Lasalle Prep,"Milwaukie, Ore."
"Williams, Juwaan",17,CB,6000,200,RS SR,Tucker,"Tucker, Ga."
"Winston, Lamar",32,LB,6030,215,SO,Central Catholic HS,"Portland, Ore."
"Young, Bryson",56,DL,6050,238,SO,Buchanan HS,"Clovis, Calif."
