Name,Number,Position,Height,Weight,Class,High School/JUCO,Hometown
"Angeline, Cary",86,TE,6060,230,RS FR,Downingtown East,"Exton, Pa."
"Applebee, Austin",89,TE,6060,240,RS JR/TR,McKendree,"Seneca, Ill."
"Austin, Jordan",56,OG/OT,6050,300,RS JR,Claremont,"Claremont, CA"
"Bayle, Matt",49,OLB,6020,215,RS SO,St. Francis,"San Marino, Calif."
"Bermingham, James",47,P,6040,185,RS JR,Dana Hills,"Laguna Beach, Ca."
"Betiku, Oluwole",99,OLB,6030,250,SO,Serra HS,"Lagos, Nigeria"
"Bigelow, Kenny",95,DT,6030,295,RS SR,Eastern Christian Academy,"Elkton, MD"
"Bolden, Bubba",0,DB,6030,190,FR,Bishop Gorman,"Las Vegas, Nev."
"Boyer, Jackson",85,WR,6030,185,RS SR/TR,East Chapel Hill,"Chapel Hill, NC"
"Brown, Chris",77,OG/OT,6050,300,RS JR,Loyola,"Los Angeles, Calif"
"Brown, Michael",49,PK,6020,195,RS FR,Linfield Christian,"Temecula, Calif."
"Budrovich, Reid",38,P,5110,185,RS JR,St. John Bosco,Torrance
"Burnett, Deontay",80,WR,6000,170,JR,Juniperro Serra,"Gardena,CA"
"Carr, Stephen",0,RB,6000,210,FR,Summit,"Gardena, Calif."
"Carrasco, Kevin",29,DB,6000,180,RS SR,Notre Dame HS,Santa Clarita
"Cook, Jamel",21,S,6030,185,RS FR,Miami Central,"Miami, Fla."
"Daniel, Jacob",92,DT,6040,310,JR,Clovis North,"Fresno,CA"
"Darnold, Sam",14,QB,6040,225,RS SO,San Clemente,"San Clemente,CA"
"Davis, Dominic",16,S,5100,180,JR,Bishop Alemany,"Mission Hills,CA"
"Dorton, Malik",44,DT,6020,280,RS JR,St.John Bosco,Los Angeles
"Echols, Hunter",0,LB,6050,240,FR,Cathedral,"Los Angeles, Calif."
"Edmondson, Chris",38,TB,5110,210,RS FR,Clemens HS,"Cibolo, Texas"
"Edoga, Chuma",70,OT,6040,290,JR,McEachern,"Powder Springs,GA"
"Falah, Nico",74,OC,6040,280,RS SR,John Bosco,"Hermosa Beach, CA"
"Falaniko, Juliano",0,LB,6040,220,FR,Leone,"Pago Pago, American Samoa"
"Falo, Josh",0,TE,6060,235,FR,Inderkum,"Sacramento, Calif."
"Fatu, Josh",98,DT,6030,290,SR/TR,Lakewood,"Lakewood, Calif."
"Fink, Matt",19,QB,6030,195,RS FR,Glendora,"Rancho Cucamonga, Calif."
"Fitts, Thomas",15,QB,6020,195,RS SO,Episcopal School of Dallas,"Dallas, Texas"
"Godfrey, Je'Quari",0,DB,6020,185,FR,Bishop O'Dowd,"Oakland, Calif."
"Green, Rasheem",94,DT,6050,280,JR,Junipero Serra,"Gardena,CA"
"Greene, Jalen",10,WR,6010,200,RS JR,Serra,"Gardena, CA"
"Grimes, Randal",0,WR,6040,205,FR,Desert Pines,"Las Vegas, Nev."
"Gustin, Porter",45,OLB,6050,260,JR,Salem Hills,"Salem,UT"
"Hagestad, Richard",31,S,6010,205,RS FR,Bishop's School,"Del Mar, Ca."
"Harris, Ajene",27,CB,5110,190,RS JR,Crenshaw,"Los Angeles, Calif"
"Hawkins, Chris",4,S,5110,185,RS SR,Rancho Cucamonga,"Rancho Cucamonga ,CA"
"Hemsley, Roy",63,OG/OT,6050,310,RS SO,Windward,"Los Angeles,CA"
"Herrera, Christian",52,ILB,6010,210,RS SR/TR,Serra HS,"Manhattan Beach, Calif."
"Houston Jr., John",10,ILB,6030,220,RS SO,Junipero Serra,"Gardena,CA"
"Hursh, Alec",87,TE,6030,210,RS JR,Pembroke Hill,"Kansas City, Kan."
"Imatorbhebhe, Daniel",88,TE,6040,24O,RS SO/TR,North Gwinnett,"Suwanee, Ga."
"Imatorbhebhe, Josh",17,WR,6020,210,RS FR,North Gwinnett,"Suzanne, Ga."
"Iosefa, Jordan",56,ILB,6020,215,SO,Punahou,"Honolulu, Hawaii"
"Jackson, Austin",0,OL,6060,290,FR,North Canyon,"Phoenix, Ariz."
"Jimmons, Liam",93,DT,6050,280,RS FR,Huntington Beach,"Huntington Beach, Calif."
"Johnson, Damon",48,LS,6000,205,FR/TR,Glendora,"Glendora, Calif."
"Johnson, Greg",0,ATH,5110,195,FR,Hawkins,"Los Angeles, Calif."
"Johnston, Clayton",76,OT,6060,285,RS SO,Servite,"Anaheim,CA"
"Jones, Jack",1,CB,5110,170,SO,Long Beach Poly,"Long Beach, Calif."
"Jones, Jalen",18,CB,5080,165,RS JR,Serra,Los Angeles
"Jones, Levi",0,LB,6030,220,FR,Westlake,"Austin, Texas"
"Jones II, Ronald",25,RB,6010,195,JR,McKinney North,"McKinney,TX"
"Jones Jr., Velus",23,WR,6000,185,RS FR,Saraland,"Saraland, Ala."
"Katoa, Tyler",54,ILB,6020,220,FR,Layton,"Layton, Utah"
"Krommenhoek, Erik",0,TE,6050,245,FR,Monte Vista,"Danville, Calif."
"Langley, Isaiah",24,CB,6000,170,JR,Foothill,"Pleasanton,CA"
"Lewis IV, Joseph",0,WR,6020,205,FR,Hawkins,"Los Angeles, Calif."
"Lichtenstein, Jacob",0,DL,6050,255,FR,Cypress Bay,"Weston, Fla."
"Lobendahn, Toa",50,OC/OG,6030,295,RS JR,La Habra,"La Habra, CA"
"Lockett, Jonathan",23,CB,5110,180,SR,Mater Dei,"Belleflower, Calif"
"Lopes, Matt",37,FS,5110,195,RS SR,Palos Verdes,Palos Verdes Estates
"Malepeai, Vavae",29,RB,6000,190,RS FR,Mililani HS,"Mililani, Hawaii"
"Marshall, Iman",8,CB,6010,200,JR,Long Beach Polytechnic,"Long Beach,CA"
"Martin II, Frank",65,OG,6050,310,RS FR,Mater Dei,"Santa Ana, Calif."
"Mitchell, Steven",4,WR,5100,190,RS SR,Bishop Alemany,"Pasadena, CA"
"Moore, Grant",50,ILB,6010,210,RS JR,Mater Dei,"Santa Ana, Calif"
"Murphy, Connor",90,OLB,6070,255,SO,Brophy College Prep,"Phoenix, Ariz."
"Neilon, Brett",0,OL,6020,295,FR,Santa Margarita,"Rancho Santa Margarita, Calif."
"Nunnery, Davonte",26,S,5100,200,RS JR,St. Bonaventure,"Oxnard, Calif."
"Nwosu, Uchenna",42,ILB,6030,235,SR,Narbone,"Carson, Calif"
"Olson, Jake",61,SNP,6040,210,RS SO,Orange Lutheran,"Huntington Beach, Calif."
"Peters, Reuben",47,FB,6000,225,RS JR,Loyola,"West Chester, Calif"
"Petite, Tyler",82,TE-Y,6050,235,JR,Campolindo,"Moraga,CA"
"Pili, Brandon",0,DL,6040,320,FR,Westview,"Anchorage, Alaska"
"Pittman Jr., Michael",6,WR,6040,210,SO,Oaks Christian,"Woodland Hills, Calif."
"Pola-Mao, Isaiah",0,DB,6040,200,FR,Mountain Pointe,"Phoenix, Ariz."
"Pollard, C.J.",28,S,6010,185,RS FR,Serra,"Carson, Calif."
"Quansah, Yoofi",34,CB,5080,170,RS SR/TR,Chino Hills,"Chino Hills, Calif."
"Rector, Christian",89,DE,6050,275,RS SO,Loyola,"Los Angeles,CA"
"Ross, Ykili",14,S,6000,200,RS SO,Riverside Polytech,"Riverside,CA"
"Rossow, Connor",79,DT,6020,305,RS FR,Mater Dei HS,"Tustin, Calif."
"Russell, Jake",24,WR,5110,170,RS SO,San Clemente,"San Clemente, Calif."
"Schmidt, Wyatt",46,P,6030,210,RS JR,St. Thomas Academy,"Inner Grove Heights, Mn."
"Sears, Jack",13,QB,6030,195,FR,San Clemente,"San Clemente, Calif."
"Sidney, Trevon",81,WR,5110,170,RS FR,Bishop Amat,"La Puente, Calif."
"Smith, Cameron",35,ILB,6020,245,JR,Granite Bay,"Granite Bay,CA"
"Smith, Cole",66,OC,6040,280,RS SO,Mission Viejo,"Mission Viejo,CA"
"Smith, Nathan",78,OT,6060,275,RS FR,Murrieta Mesa,"Murrieta, Calif."
"Stewart, Milo",41,WR,5090,170,RS SR,Marywood-Palm Valley,"Palm Desert, Calif."
"Talamaivao, Viane",60,OG/OC,6020,315,SR,Centennial,"Moreno Valley, Calif"
"Tell, Marvell",7,S,6030,190,JR,Crespi Carmelite,"Encino,CA"
"Thomas, Holden",16,QB,6050,195,RS FR,Brentwood,"Pacific Palisades, Calif."
"Tilbey, Chris",36,P,6050,205,RS JR/TR,"Sandringham, Australia","Melbourne, Australia"
"Toland, James",26,RB,6000,195,RS SR,Shadow Hills,"Indio ,CA"
"Tucker, Olajuwon",34,ILB,6030,230,SR,Serra,Harbor City
"Tufele, Jay",0,DL,6030,295,FR,Bingham,"Salt Lake City, Utah"
"Tuipulotu, Marlon",51,DT,6030,295,FR,Central,"Independence, Ore."
"Vaughns, Tyler",21,WR,6020,180,RS FR,Bishop Amat,"La Puente, Calif."
"Vera-Tucker, Alijah",0,OL,6040,300,FR,Bishop O'Dowd,"Oakland, Calif."
"Vorhees, Andrew",0,OG/OT,6060,290,FR,Kingsburg,"Kingsburg, Calif."
"Ware, Aca'Cedric",28,RB,6000,195,JR,Cedar Hill,"Cedar Hill,TX"
"Wenzel, Richie",64,OC,6030,250,RS JR,Our Lady of Good Counsel,"Chevy Chase, Md."
"Young, Keyshawn",17,WR/CB,5110,175,SO,Miami Senior,"Miami, Fla."
