Name,Number,Position,Height,Weight,Class,High School/JUCO,Hometown
"Abey, Zach",9,QB,6020,212,JR,Archbishop Spalding,"Annapolis, Md."
"Adzima, Mike",55,OT,6020,282,SO,Bergen Catholic,"Wallington, N.J."
"Amosa-Tagovailoa, Adam",69,OT,6020,272,JR,Campbell,"Ewa Beach, Hawai'i"
"Angulo, Lance",60,NG,6010,285,JR,Holtville,"Holtville, Calif."
"Armstrong, Lamonte",50,OLB,6010,216,JR,Quince Orchard,"Gaithersburg, Md."
"Bailey, Rahn",38,OLB,6020,224,SO,Clear Falls,"League City, Texas"
"Bankston, Carter",65,DE,6030,235,SO,Briarwood Christian,"Birmingham, Ala."
"Barrett, Bryan",77,OC,6030,330,JR,Guyer,"Denton, Texas"
"Beggs, Randy",8,S,6000,180,SR,Vista Murrieta,Temecula CA
"Benning, Myles",44,FB,5110,235,SO,The Colony,"The Colony, Texas"
"Bonner, Darryl",29,SB,5070,178,SR,Terry Sandord,Fayetteville NC
"Brannan, Travis",22,SB,6000,180,SO,Vandegrift,"Austin, Texas"
"Brown, Josh",28,SB,5090,189,SR,Brookwood,Lilburn GA
"Brown III, John",20,SB,5090,203,SR,Charles E. Jordan,"Durham, N.C."
"Cal, Eric",50,OG,6030,282,SO,Providence Day,"Waxhaw, N.C."
"Carmona, Tyler",88,WR,6040,227,SR,American Heritage Plantation,"Davie, Fla."
"Carothers, Paul",50,LB,6010,220,SO,Greater Atlanta Christian,"Flowery Branch, Ga."
"Clarke, Trayvon",81,WR,6010,201,JR,Ida S. Baker,"Cape Coral, Fla."
"Colon, Brandon",87,WR,6040,223,SR,Los Fresnos,"Brownsville, Texas"
"Cromartie, Nizaire",96,DE,6020,243,SO,Dudley,"Greensboro, N.C."
"Daniel, Jahmaal",25,SB,5060,160,SR,Terry Sanford,Fayetteville N.C.
"Davenport, Miles",56,LB,6020,233,SR,Terry Sanford,Fayetteville N.C.
"Davis, O.J.",22,OLB,6020,225,SO,Shelbyville Central,"Shelbyville, Tenn."
"Delmonico, Tory",37,OLB,6020,218,JR,West Allegheny,"Coraopolis, Pa."
"Dorris, Conner",46,LB,6020,237,JR,Clearwater Central Catholic,"Palm Harbour, Fla."
"DuBose, Amari",48,SB,5090,165,SO,Westside,"Jacksonville, Fla."
"Dudeck, Cameron",37,SB,5090,189,JR,The Hun School,"Princeton, N.J."
"Edwards, Marcus",69,NG,6040,294,SO,Sabino,"Tucson, Ariz."
"Elliott, Buck",62,DE,6040,249,JR,Freeman,"Richmond, Va."
"Fischer, Dylan",98,NG,6020,299,SR,Desert Vista,"Phoenix, Ariz."
"Forney, David",77,OC,6030,318,SO,Georgetown Prep,"Walkersville, Md."
"Forte, Forrest",55,OLB,6010,194,JR,Smithson Valley,"Spring Branch, Texas"
"Fraade, Zack",83,WR,6030,215,SO,Cleveland Charter,"Tarzana, Calif."
"Gargiulo, Anthony",38,FB,6020,239,JR,Colts Neck,"Colts Neck, N.J."
"Gesell, Chris",67,OG,6040,307,JR,Saint Augustine,"San Diego, Calif."
"Gillis, John",18,OLB,5110,179,JR,Archer,"Lawrenceville, Ga."
"Goff, Joe",93,DE,6050,275,SO,Episcopal,"Framingham, Mass."
"Griffis, Jeremy",16,CB,5090,178,SO,Southern Durham,"Graham, N.C."
"Hailey, Juan",13,CB,6000,199,JR,Louisville Central,"Louisville, Ky."
"Hammond, Bryan",45,FB,5100,200,JR,The Colony,"The Colony, Texas"
"Harrington, Sion",39,OLB,6030,216,SO,South Iredell,"Mooresville, N.C."
"Harris, Erik",43,P,5100,185,JR,Mission Viejo,"Santa Margarita, Calif."
"Harrison, Jacob",3,QB,6010,194,SO,Centerville,"Centerville, Ohio"
"Hawk, Jacob",57,OT,6060,295,JR,Meade,"Fort Meade, Md."
"Heflin, Taylor",54,LB,6020,234,JR,Wayne County,"Jesup, Ga."
"Heyward, Corbin",71,DE,6030,280,SO,Hanahan,"Daniel Island, S.C."
"Higgins, Ford",75,OT,6020,250,SO,Greater Atlanta Christian,"Norcross, Ga."
"High, Chris",33,FB,6000,224,SR,Douglass,"Oklahoma City, Okla."
"Howard, Winn",51,LB,6020,215,SR,Palmer Ridge,"Monument, Colo."
"Hydrick, Jude",53,OT,6030,258,SO,Briarcrest Christian,"Eads, Tenn."
"Jackson, Taylor",89,WR,6030,210,JR,Texas,"Texarkana, Texas"
"Jones, Brandon",3,OLB,6040,225,SR,Keller,"Keller, Texas"
"Jones, Elijah",7,DB,5110,180,JR,Upland,"Rancho Cucamonga, Calif."
"Keener, Alec",74,DL,6040,278,JR,Cheshire Academy,"Wallingford, Conn."
"Kerchner, Travis",59,OLB,6020,206,JR,Ramona,"Ramona, Calif."
"Laster, Terrence",80,WR,6010,230,SR,Panther Creek,"Cary, N.C."
"Lewellyn, Chad",84,WR,6040,201,SR,Christian Academy,"Louisville, Ky."
"Lewis, Garret",7,QB,6010,200,JR,Sipsey Valley,"Buhl, Ala."
"Lindsey, Robert",75,OT,6040,275,SR,Bayside,"Palm Bay, Fla."
"Lister, Logan",73,OT,6050,280,SO,Rutgers,"Katy, Texas"
"Little, Walter",36,OLB,5110,200,SO,St. Paul's Episcopal,"Mobile, Ala."
"Llanusa, Jonah",4,QB,6010,199,SO,Choctaw,"Choctaw, Okla."
"Maloy, Tazh",8,SB,5070,170,SO,Hendrickson,"Pflugerville, Texas"
"Martin, Evan",71,OG,6030,294,SR,Lee's Summit West,"Lee's Summit, Mo."
"Martin, Mike",34,SB,6010,202,JR,Pine Bush,"Pine Bush, N.Y."
"Masaniai, Tony",63,DE,6010,256,SO,Eastside Catholic,"Seattle, Wash."
"McCoy, Kevin",40,OLB,6040,226,SR,Douglas Byrd,"Fayetteville, N.C."
"Meagher, Conrey",13,WR,5100,188,SR,Oxford,"Oxford, Miss."
"Mehl, Wes",70,OG,6040,300,SO,Gilman School,"Westminster, Md."
"Merchant, Elijah",14,CB,5100,196,SR,Atascocita,"Humble, Texas"
"Mitchell, Kyle-Malik",79,OG,6020,303,SO,Alcoa,"Louisville, Tenn."
"Moehring, Bennett",16,K,5090,180,JR,Bentonville,"Bentonville, Ala."
"Munson, James",26,S,5080,160,SR,Tottenville,"New York City, N.Y."
"Nash, Elan",20,S,5110,196,SO,Unionville,"Glen Mills, Pa."
"Nash, Mack",70,DE,6050,261,SO,Camden County,"Saint Mary's, Ga."
"Njiki, Lauren",78,OL,6030,306,JR,Wylie,"Wylie, Texas"
"Norton, Justin",5,OLB,6020,190,SR,Dallas Skyline,"Rowlett, Texas"
"Obanor, Noruwa",15,CB,6010,188,SO,Clovis North,"Clovis, Calif."
"Olsen, Trey",80,WR,6040,224,SR,Oakmont,"Roseville, Calif."
"Osborn, J.R.",18,K,6000,184,SO,Christ Presbyterian,"Nashville, Tenn."
"Palmore, D.J.",45,OLB,6030,236,SR,Christian Brothers,"Bartlett, Tenn."
"Perry, Malcolm",5,QB,5090,185,SO,Kenwood,"Clarksville, Tenn."
"Peterson, Brady",29,S,5100,190,JR,Lutheran,"Orange, Calif."
"Pifer, Michael",96,LS,6030,226,SO,Penn Trafford,"Jeannette, Pa."
"Pistorio, Tyler",41,LB,6020,215,SO,Providence,"Matthews, N.C."
"Pittman, Jackson",99,NG,6030,315,SO,Brentwood Academy,"Antioch, Tenn."
"Pittman, Jordan",49,WR,6020,235,SR,DeMatha,"Bowie, Md."
"Plante, Mason",25,CB,5110,188,SO,The First Academy,"Windermere, Fla."
"Polk, Denzel",32,OLB,6020,241,SO,Kingsway Regional,"Mount Royal, N.J."
"Polu, Jarvis",90,DE,6030,292,JR,Liberty,"Las Vegas, Nev."
"Pospisil, Travis",46,SB,5100,198,JR,Champion,"Boerne, Texas"
"Pride, Darian",11,WR,6030,210,SO,Community,"Unionville, Tenn."
"Querry, Ronnie",85,LS,6010,208,SR,Basha,"Gilbert, Ariz."
"Quilty, Zack",64,OLB,6030,210,SR,Jesuit,"St. Petersburg, Fla."
"Raiford, Michael",73,OT,6060,300,SR,Heritage,"Stockbridge, Ga."
"Ryan, Jarid",9,CB,5110,203,JR,Severn School,"Odenton, Md."
"Salu, T.J.",58,C,6020,300,SO,Central Catholic,"Portland, Ore."
"Satchell, Stephen",64,OL,6040,296,JR,Independence,"Thompson Station, Tenn."
"Sayles, Tyler",91,DE,6020,257,SR,Deerfield Beach,"Coral Springs, Fla."
"Schwarzer, Jake",43,LB,6010,213,SO,Great Oak,"Temecula, Calif."
"Scott, Craig",82,WR,6020,189,SR,Park Hill South,"Kansas City, Mo."
"Stewart, Matt",35,LB,6010,211,JR,William Mason,"Mason, Ohio"
"Sullivan, Hudson",53,LB,6020,240,JR,Bishop Irenton,"Nokesville, Va."
"Taylor, Akili",39,SB,5090,205,JR,Bishop Ready,"Columbus, Ohio"
"Thomas, Micah",44,LB,6010,241,SR,Vista Ridge,"Cedar Park, Texas"
"Thomas , Vic",52,OLB,6040,237,SO,The First Academy,"Ocoee, Fla."
"Thompson, Jerry",11,S,6000,196,SR,White Station,"Memphis, Tenn."
"Tolentino, Dave",67,NG,6020,294,SO,Saint Peter's Prep,"Jersey City, N.J."
"Van Dunk, Joshua",63,DE,6030,293,SO,Lincoln College Prep,"Kansas City, Mo."
"Villalobos, Anthony",95,DE,6020,261,JR,Fossil Ridge,"Keller, Texas"
"Wade, Parker",62,C,6020,280,SR,The Ensworth School,"Nashville, Tenn."
"Walker, Joshua",24,SB,5110,222,SR,Austin,"Decatur, Ala."
"Walker, Treveon",21,SB,5090,190,JR,Texas,"Texarkana, Texas"
"Webb, Josh",92,DE,6050,250,JR,Plano West,"Plano, Texas"
"White, Owen",98,K/P,5100,191,SO,Central Catholic,"Portland, Ore."
"White, Seth",63,OT,6030,274,SR,Sky View,"Smithfield, Utah"
"Wiedle, Garrett",65,OT,6060,283,JR,Riverbend,"Spotsylvania, Va."
"Williams, Khaylan",7,S,6000,192,JR,Lithonia,"Lithonia, Ga."
"Williams, Sean",6,CB,6010,190,JR,Cordova,"Cordova, Tenn."
"Williamson, D'vondre",86,OLB,6040,208,JR,Jackson Central Merry,"Jackson, Tenn."
"Willis, Isaac",59,OC,6000,286,SO,Creekside,"St. John's, Fla."
"Wood, Andrew",61,OT,6040,290,JR,Friendship Christian,"Lebaonon, Tenn."
"Wooten, Tyris",17,CB,6010,185,SR,Heritage,"Palm Bay, Fla."
"Wright, Isaac",4,S,5100,186,SR,Ashbrook,"Gastonia, N.C."
"Wright, Kendel",76,OT,6040,290,SO,Mountain View HS,"Buford, Ga."
"Yaramus, Aleksei",47,LB,6020,218,SO,Moon Area,"Moon Township, Pa."
"Yaramus, Niko",66,OG,6030,282,SO,Moon Area,"Moon Township, Pa."
