Name,Number,Position,Height,Weight,Class,High School/JUCO,Hometown
"Abraham, Devin",20,S,5090,189,SR,East Lake,"Tarpon Springs,Fla"
"Adkinson, Spencer",48,TE,6030,245,SR,Indian Rocks Christian,"Seminole, Fla."
"Antoine, Deangelo",14,WR,5100,185,RS SO,Oak Ridge,"Orlando, FL"
"Atterbury, Billy",78,OG,6040,302,RS SO,Clearwater Central Catholic,"Clearwater, FL"
"Barr, Chris",1,WR,5100,175,JR,Trinity Chrisitan Academy,"Jacksonville, FL"
"Bayes, Jimmy",4,DE,6030,228,RS JR,Immokalee,"Immokalee, FL"
"Bell Jr., Duran",0,RB,5100,170,FR,Hillsborough,"Tampa, Fla."
"Bethel, Glen",70,OL,6060,315,SR/TR,Champagnat Catholic HS,"Miami, Fla."
"Black, Josh",55,OLB,6020,252,RS JR,Sickles,"Tampa, FL"
"Bronson, Kevin",99,DE,6040,275,RS JR,Village Academy,"Delray Beach, FL"
"Bronson, Ryeshene",81,WR,6030,200,SR,Dunbar,"Fort Myers, FL"
"Brown, Juwuan",56,DE,6020,255,RS JR,Jefferson,"Tampa, FL"
"Cadet, Garry",96,DL,6060,275,JR,Boynton Beach,"Boynton Beach, Fla."
"Clerveaux, Stanley",86,WR,6030,207,RS JR,North Miami,"North Miami, FL"
"Cuccia, Nick",38,CB,5100,185,SO,Jireh Prep,"Indian Trail, N.C."
"Culpepper, Naytron",0,DB,6010,175,FR,Carol City,"Miami, Fla."
"Dillon, Elkanah",85,TE,6050,256,RS JR,Vanguard,"Ocala, FL"
"Dingle, Kevaughn",0,WR,6010,185,FR,Carol City,"Miami Gardens, Fla."
"Dukes, DeVontres",18,WR,6040,203,RS FR,Wharton,"Tampa, Fla."
"Edwards, Javarus",47,DL,6040,233,SO,St. Augustine,"St. Augustine, Fla."
"Ferguson, Nate",37,CB,5090,180,JR,Sickles,"Tampa, FL"
"Flowers, Quinton",9,QB,6000,210,SR,Miami Jackson,"Miami, FL"
"Fullwood, Tajee",13,CB,6020,210,SR,Tampa Bay Tech,"Tampa Bay, FL"
"Gainer, Christion",50,OT,6060,300,RS FR,Bay,"Panama City, Fla."
"Galati, Michael",68,OC,6030,298,RS JR,Manatee,"Bradenton, FL"
"Gonzalez, Marlon",95,DT,6040,280,RS SO,North Fort Myers,"Cape Coral, FL"
"Grant, Darrien",0,DL,6040,220,FR,Southeast,"Bradenton, Fla."
"Hall, Jeremi",73,OG,6050,332,SR,Tri-Cities,"Atlanta, Ga."
"Hampton, Michael",14,CB,6010,170,RS FR,Hillsborough HS,"Tampa, Fla."
"Harris, Demetris",0,OL,6030,280,FR,Robert E. Lee,"Jacksonville, Fla."
"Hector, Bruce",60,DT,6020,295,SR,Robinson,"Tampa, Fla."
"Hernandez, Jonathan",44,P,6040,241,SR/TR,Manatee,"Bradenton, Fla."
"Hintze, Derek",90,TE,6050,225,RS FR,Braden River HS,"Bradenton, Fla."
"Hintze, Ryan",80,TE,6060,237,SR,Braden River,"Bradenton, Fla."
"Hoggins, Ronnie",19,CB,5080,175,JR,Monarch,"Coconut Creek, FL"
"Jackson, Vincent",15,DE,6030,256,RS JR,Jesuit,"Tampa, FL"
"Johnson, D'Ernest",2,RB,5100,208,SR,Immokalee,"Immokalee, FL"
"Johnson, Frank",91,DE,6050,220,JR/TR,Wilkinson County,"Woodville, Miss."
"Johnson, Keirston",0,LB,6000,215,FR,Robert E. Lee,"Jacksonville, Fla."
"Jones-Stewart, Devon",29,LB,6010,194,SR,Lake Mary HS,"Lake Mary, Fla."
"Kean, Brett",7,QB,6010,209,RS SO,St. Edward,"Lakewood, OH"
"Kegler, Kelvin",0,DL,6020,280,FR,Madison County,"Madison, Fla."
"LaPointe, Mekhi",0,DB,6020,180,FR,Armwood,"Seffner, Fla."
"Larkin, Brooks",72,OL,6030,315,RS SO/TR,Manatee HS,"Bradenton, Fla."
"Livingstone, Kirk",94,DE,6040,266,RS SO,Stranahan,"Ft. Lauderdale, FL"
"Lloyd, Frederick",0,TE,6050,210,FR,Tift County,"Tipton, Ga."
"Love, Mike",98,DE,6040,266,SR,Countryside,"Clearwater, Fla."
"MacDonald, Logan",76,OG,6040,270,RS FR,Ridge Community,"Davenport, Fla."
"Mack, Elijah",31,RB,6000,205,RS FR,Charlotte,"Punta Gorda, Fla."
"Marcellus, Jean",0,OL,6040,285,FR,Thomas Jefferson,"Tampa, Fla."
"Mayes, Eric",55,OT,6040,287,JR,Booker,"Sarasota, FL"
"McCants, Tyre",8,WR,5110,219,RS JR,Niceville,"Niceville, FL"
"McGee, Khalid",21,DB,5100,198,JR,Miami Northwestern,"Miami, FL"
"Miles, K.J.",49,TE,6060,250,SR/TR,Armwood HS,"Seffner, Fla."
"Munera, Nicholas",97,DE,6050,247,RS JR,King,"Tampa, FL"
"Nadelman, Emilio",35,PK,5060,173,SR,Central,"Miami, Fla."
"Nelson, Matt",66,OL,6020,286,RS FR,N/A,"Ocala, Fla."
"Nichols, Deatrick",3,CB,5100,189,SR,Miami Central,"Miami,Fla"
"Norman, Marcus",77,OL,6060,305,RS SO,Sebastian River,"Sebastian, FL"
"Oladokun, Chris",10,QB,6020,184,RS FR,Sickles,"Tampa, Fla."
"Palmore, Adrian",42,TE,6040,240,SR/TR,Lakewood HS,"St. Petersburg, Fla."
"Phillips, Jernard",83,WR,5100,180,FR,Miami Central,"Miami, Fla."
"Pinkney, Kelvin",0,DL,6030,284,FR,Booker,"Sarasota, Fla."
"Polk, Andre",12,OLB,6040,227,RS FR,South Fort Myers,"Fort Myers, Fla."
"Polk, Grant",79,OT,6060,295,RS SO/TR,Charlotte HS,"Punta Gorda, Fla."
"Reaves, Greg",41,LB,6020,236,RS SO,Manatee HS,"Bradenton, Fla."
"Reed, Jordan",82,WR,5100,170,JR,Plant,"Tampa, Fl"
"Roberson, Hal",67,OL,6010,295,RS FR,Riverview HS,"Sarasota, Fla."
"Roberts, Nick",0,DB,5110,177,FR,Oakleaf,"Orange Park, Fla."
"Ruff, Cameron",74,OC,6030,320,SR,Jesuit,"Tampa, Fla."
"Salomon, Darnell",3,WR,6030,215,SO,Miami Central,"Miami, Fla."
"Sanchez, Auggie",43,FB,6020,244,SR,Northeast,"St. Petersburg, Fla."
"Sanders, Bentlee",0,DB,5090,175,FR,Tampa Catholic,"Tampa, Fla."
"Sands, Trevon",28,RB,5110,201,SO,Southwest Miami HS,"Miami, Fla."
"Sawtelle, Nico",54,LB,6020,245,RS SO,Jensen Beach,"Jensen Beach, FL"
"Senat, Deadrin",10,DT,6010,305,SR,Immokalee,"Immokalee, Fla."
"Shaw, Trent",39,DB,6020,216,RS SO,Steinbrenner HS,"Lutz, Fla."
"Sheehan, Riley",40,FB,6030,237,RS SO,Riverview,"Sarasota, Fla."
"St. Felix, Randall",0,WR,6020,190,FR,Dr. Michael M. Krop,"Miami, Fla."
"Stafford, Jeremiah",0,OL,6040,295,FR,North Marion,"Citra, Fla."
"Stanley, Micario",51,ILB,6020,248,RS FR,Cape Coral,"Cape Coral, Fla."
"Steinke, Trevor",80,WR,5110,187,SR,Hillsborough HS,"Lutz, Fla."
"Stephens, Jabreel",0,DL,6050,225,FR,Armwood,"Seffner, Fla."
"Thomas, Danny",53,LB,6010,215,JR,Amos P. Godby,"Ft. Lauderdale, FL"
"Thomas, Donelle",0,DB,5110,175,FR,Carol City,"Miami, Fla."
"Thomas, Jaymon",18,S,6030,195,RS SO,Immokalee,"Immokalee, FL"
"Tice, Darius",13,RB,5100,211,SR,Northwestern,"Miami, Fla."
"Valdes-Scanting, Marquez",11,WR,6050,207,SR,Lakwood HS,"St. Petersburg, Fla."
"Watts, Craig",26,S,6000,185,RS FR,Admiral Farragut Academy,"St. Petersburg, Fla."
"Wiggs, Michael",52,OG,6030,300,RS FR,Lake Gibson,"Lakeland, Fla."
"Wilcox, Mitchell",89,TE,6040,248,RS SO,Tarpon Springs,"Tarpn Springs, FL"
"Wilkins, Mazzi",23,CB,6000,176,RS JR,Plant,"Tampa, FL"
